state_abbr,year,ccd_frpl_share,ccd_ell_share,ccd_swd_share,f33_pp_expenditure_real,f33_teacher_salary_real,saipe_child_poverty_rate,acs_median_income_real,acs_ba_share,acs_white_share,acs_black_share,acs_hispanic_share,rucc_rural_share
AK,2012,0.135,,,,,0.135,69917,0.2747624250630666,0.6393813305134439,0.03192624789246547,0.05676949232147302,0.2824591520757686
AK,2013,0.125,,,,,0.125,70760,0.2750026964501509,0.6346881091076694,0.03302717140810422,0.05946279133047162,0.2824591520757686
AK,2014,0.141,,,,,0.141,71829,0.2768471429595563,0.6292516819991761,0.032660991349718525,0.06212687079500206,0.2824591520757686
AK,2015,0.133,,,,,0.133,72515,0.2797368874343295,0.6237872848133629,0.03239134140105676,0.06518902335094597,0.2824591520757686
AK,2016,0.12300000000000001,,,,,0.12300000000000001,74444,0.2879228551579672,0.6196266565335107,0.03122459642670539,0.06654090696269958,0.2824591520757686
AK,2017,0.133,,,,,0.133,76114,0.2898797329642732,0.6153798243891871,0.030510517016105555,0.06791819271154198,0.2824591520757686
AK,2018,0.132,,,,,0.132,76715,0.2923112991310937,0.6103510282783311,0.030895742272340748,0.06930926344182116,0.2824591520757686
AK,2019,0.11900000000000001,,,,,0.11900000000000001,77640,0.29551214558892686,0.606317191900883,0.031010707288879724,0.07037342551840536,0.2824591520757686
AK,2020,0.111,,,,,0.111,77790,0.29986802803266616,0.5969945318118292,0.03082809807460074,0.07199419259420073,0.2824591520757686
AK,2021,0.127,,,,,0.127,80287,0.30593828837570347,0.59041294868816,0.030962659198778178,0.07283637089969305,0.2824591520757686
AK,2022,0.11900000000000001,,,,,0.11900000000000001,86370,0.30748285038621365,0.5835461969649751,0.030483614376834632,0.07469846397966308,0.2824591520757686
AK,2023,0.11199999999999999,,,,,0.11199999999999999,89336,0.3124227561625979,0.5832710011703459,0.029702808421586138,0.0714919254302963,0.2824591520757686
AK,2024,0.121,,,,,0.121,92788,0.31669629315546566,0.5771109655215535,0.028777799827648543,0.07313111487469179,0.2824591520757686
AL,2012,0.258,,,,,0.258,43160,0.22264895667794332,0.6703421537487707,0.2615274737374004,0.03815272392966274,0.06116439791659659
AL,2013,0.256,,,,,0.256,43253,0.2263124041363614,0.6679095622111414,0.2616358672358357,0.039233826261747345,0.06116439791659659
AL,2014,0.259,,,,,0.259,43511,0.2305269085261142,0.6655878620364416,0.2621931146083238,0.03981959773982404,0.06116439791659659
AL,2015,0.252,,,,,0.252,43623,0.2351242579146255,0.6634736327841975,0.2629194596138798,0.040055313810649563,0.06116439791659659
AL,2016,0.235,,,,,0.235,44758,0.2401036607502036,0.6618935032979671,0.2635275318084659,0.039970345974645764,0.06116439791659659
AL,2017,0.228,,,,,0.228,46472,0.24524474331456309,0.6592929247742266,0.26407059826159596,0.040895560726325775,0.06116439791659659
AL,2018,0.228,,,,,0.228,48486,0.24927438470429017,0.6571305820732299,0.26430042674954984,0.04175937574516721,0.06116439791659659
AL,2019,0.207,,,,,0.207,50536,0.254683326121383,0.6552020507562164,0.2648600871571392,0.04278410663932325,0.06116439791659659
AL,2020,0.19699999999999998,,,,,0.19699999999999998,52035,0.26227345285863723,0.6523657592415248,0.2642347950803423,0.043519907070771476,0.06116439791659659
AL,2021,0.21600000000000003,,,,,0.21600000000000003,54943,0.2666893783853374,0.6485021535013782,0.2633852741524809,0.04495270300689821,0.06116439791659659
AL,2022,0.20600000000000002,,,,,0.20600000000000002,59609,0.27208387292476055,0.6458239029834776,0.26220443062696547,0.046221707956019896,0.06116439791659659
AL,2023,0.20199999999999999,,,,,0.20199999999999999,62027,0.2775513861604929,0.6382054875369317,0.2592383088064646,0.053744836279466024,0.06116439791659659
AL,2024,0.193,,,,,0.193,63999,0.2836978719557729,0.6339703324389868,0.2561372958232025,0.05585766836623962,0.06116439791659659
AR,2012,0.264,,,,,0.264,40531,0.19798348706090818,0.7449920654841015,0.15449160806646065,0.06351693131054612,0.22085628406082766
AR,2013,0.264,,,,,0.264,40768,0.20103596388223618,0.7418285936750542,0.15412278509795393,0.06554374850214889,0.22085628406082766
AR,2014,0.245,,,,,0.245,41264,0.2064608405390256,0.739112450611394,0.15452882150065353,0.06722313538076902,0.22085628406082766
AR,2015,0.245,,,,,0.245,41371,0.21097995099710048,0.7360226190991302,0.1543894141317987,0.06869902319241919,0.22085628406082766
AR,2016,0.223,,,,,0.223,42336,0.2150627966990121,0.7336771241231179,0.1542281685661849,0.06974935252884312,0.22085628406082766
AR,2017,0.212,,,,,0.212,43813,0.22028130145988709,0.7301433472221103,0.15354586923058325,0.07160846543789944,0.22085628406082766
AR,2018,0.221,,,,,0.221,45726,0.22588877045896402,0.7268766775081579,0.15332211400050358,0.07324510118297867,0.22085628406082766
AR,2019,0.19899999999999998,,,,,0.19899999999999998,47597,0.23027789777390476,0.7243031036517669,0.15233165631449272,0.07472569239540304,0.22085628406082766
AR,2020,0.193,,,,,0.193,49475,0.2381653724585809,0.715534486347864,0.15122981613102546,0.07624126249679186,0.22085628406082766
AR,2021,0.201,,,,,0.201,52123,0.24304726189710532,0.7064194000017963,0.15159719110710176,0.07850191048225581,0.22085628406082766
AR,2022,0.196,,,,,0.196,56335,0.2470555115616481,0.6969243729604008,0.15063857614067658,0.08060539264159138,0.22085628406082766
AR,2023,0.192,,,,,0.192,58773,0.2511137456642817,0.6836315817415192,0.1483606257363607,0.08765697074935427,0.22085628406082766
AR,2024,0.18600000000000003,,,,,0.18600000000000003,60773,0.2573160474210022,0.6739207927091015,0.1464564563875213,0.09036919175009042,0.22085628406082766
AZ,2012,0.253,,,,,0.253,50256,0.26629276703000393,0.5774363010703981,0.03844561025702939,0.2968261165728354,0.015957067480369857
AZ,2013,0.25,,,,,0.25,49774,0.26874444634942013,0.5734903281832516,0.0390067260798836,0.2987711010828737,0.015957067480369857
AZ,2014,0.24,,,,,0.24,49928,0.27097705924417054,0.5692058054876342,0.03926226804903013,0.3013062834869259,0.015957067480369857
AZ,2015,0.235,,,,,0.235,50255,0.27492006977729594,0.5650246434469027,0.039765411488953205,0.30333225533309005,0.015957067480369857
AZ,2016,0.226,,,,,0.226,51340,0.27956024307334426,0.5614673057914028,0.040134043201110726,0.3053913182534732,0.015957067480369857
AZ,2017,0.19699999999999998,,,,,0.19699999999999998,53510,0.2844568689211556,0.556012925799999,0.040550394966421176,0.3088898208590788,0.015957067480369857
AZ,2018,0.192,,,,,0.192,56213,0.2887549925203909,0.5507498900554725,0.04125910416263297,0.3114164525957345,0.015957067480369857
AZ,2019,0.18100000000000002,,,,,0.18100000000000002,58945,0.2946680550707317,0.5470699895139199,0.042141049620732396,0.3132722456168171,0.015957067480369857
AZ,2020,0.166,,,,,0.166,61529,0.3030707858101516,0.5413559176500238,0.0426498843612212,0.31511985396283054,0.015957067480369857
AZ,2021,0.16699999999999998,,,,,0.16699999999999998,65913,0.31206465266014843,0.5341936090828304,0.04236027699728345,0.3188818006772796,0.015957067480369857
AZ,2022,0.149,,,,,0.149,72581,0.31798873489201285,0.5299737238440987,0.04290489414666072,0.32033221783527194,0.015957067480369857
AZ,2023,0.15,,,,,0.15,76872,0.32610332196336617,0.5336872048347763,0.04387538825083326,0.31036264261661284,0.015957067480369857
AZ,2024,0.14300000000000002,,,,,0.14300000000000002,79964,0.3333559325364658,0.5257730282193483,0.04368181006277682,0.3135732211494547,0.015957067480369857
CA,2012,0.228,,,,,0.228,61400,0.3045344969342983,0.40127214235751696,0.057670464257426134,0.37572896049378934,0.0046516253398641615
CA,2013,0.225,,,,,0.225,61094,0.306727946543469,0.3966597149311346,0.057179708714323874,0.37893402408299853,0.0046516253398641615
CA,2014,0.21899999999999997,,,,,0.21899999999999997,61489,0.31001972744484346,0.39156309467642775,0.05663523605271979,0.3818131070231056,0.0046516253398641615
CA,2015,0.203,,,,,0.203,61818,0.314325308187258,0.38726421252454096,0.05623926771764866,0.3839178538329513,0.0046516253398641615
CA,2016,0.192,,,,,0.192,63783,0.3199638089892266,0.38384547337487673,0.05583772694748923,0.38557206426643453,0.0046516253398641615
CA,2017,0.174,,,,,0.174,67169,0.3257597120830642,0.3790793935599419,0.05544641211043411,0.3875001741150409,0.0046516253398641615
CA,2018,0.16899999999999998,,,,,0.16899999999999998,71228,0.3325365285365873,0.37538445662135916,0.05528959282490684,0.38881377085762103,0.0046516253398641615
CA,2019,0.152,,,,,0.152,75235,0.3392596343930537,0.3717925621540262,0.05521797104774048,0.39018135274463983,0.0046516253398641615
CA,2020,0.142,,,,,0.142,78672,0.3471525729301358,0.3650977635020444,0.05444949290046417,0.3909144515063187,0.0046516253398641615
CA,2021,0.154,,,,,0.154,84097,0.3527041575814072,0.35760159084117177,0.05393904345501611,0.39522614333218614,0.0046516253398641615
CA,2022,0.14800000000000002,,,,,0.14800000000000002,91905,0.3586440155903851,0.3518715673685586,0.053422716842093924,0.39683628237185264,0.0046516253398641615
CA,2023,0.146,,,,,0.146,96334,0.365030575106571,0.3458782550728752,0.05291150972083149,0.39831092518025923,0.0046516253398641615
CA,2024,0.142,,,,,0.142,99122,0.37082883331437294,0.3377024126604329,0.051927493148753605,0.4016293324952694,0.0046516253398641615
CO,2012,0.17,,,,,0.17,58244,0.3667630056935253,0.69969479578326,0.037844846954690134,0.20632725165694896,0.04685736079064533
CO,2013,0.157,,,,,0.157,58433,0.37028750439317004,0.6968364408694968,0.03775025984850749,0.2078414964148622,0.04685736079064533
CO,2014,0.149,,,,,0.149,59448,0.3746113616047707,0.6936303048726523,0.03827781390570227,0.20944401048180114,0.04685736079064533
CO,2015,0.136,,,,,0.136,60629,0.38123281869065107,0.6907158415020082,0.03850722100374585,0.21076071443590774,0.04685736079064533
CO,2016,0.128,,,,,0.128,62520,0.3870736836241592,0.6896666445866481,0.038733639405929325,0.2112762966024449,0.04685736079064533
CO,2017,0.114,,,,,0.114,65458,0.39429796070685463,0.6864642614143351,0.0386065053759584,0.21285679310602978,0.04685736079064533
CO,2018,0.115,,,,,0.115,68811,0.40145526640402585,0.6830800371930493,0.03918395860817867,0.21420426635300022,0.04685736079064533
CO,2019,0.107,,,,,0.107,72331,0.40912342942074914,0.6805852897921324,0.03948524414434824,0.21534703099575445,0.04685736079064533
CO,2020,0.098,,,,,0.098,75231,0.4160357202735676,0.6750219791779172,0.03943586952583024,0.21655972302893653,0.04685736079064533
CO,2021,0.109,,,,,0.109,80184,0.42828343120720136,0.6677809663725176,0.03888959556721652,0.2192202371550342,0.04685736079064533
CO,2022,0.107,,,,,0.107,87598,0.4373070433568681,0.6622289149319244,0.038332879900325606,0.22072575851833112,0.04685736079064533
CO,2023,0.10400000000000001,,,,,0.10400000000000001,92470,0.4472798792829279,0.6565235543492141,0.03796000326290439,0.2221869238073964,0.04685736079064533
CO,2024,0.102,,,,,0.102,95470,0.45698089740844544,0.6478658398765376,0.038235034728494766,0.22533169776682396,0.04685736079064533
CT,2012,0.134,,,,,0.134,69519,0.36156563870129227,0.711725476616316,0.09346979029525955,0.13442227549141106,0.0
CT,2013,0.133,,,,,0.133,69461,0.36456920296215545,0.7049973476103797,0.09425205821806856,0.1386718406635188,0.0
CT,2014,0.13699999999999998,,,,,0.13699999999999998,69899,0.36999491361908016,0.698308181978384,0.09522214733468576,0.14275819426940528,0.0
CT,2015,0.136,,,,,0.136,70331,0.37582683511615583,0.6921695904121705,0.09634973847983787,0.14652810207663206,0.0
CT,2016,0.121,,,,,0.121,71755,0.3804825295027146,0.6867498752985173,0.09688371691230768,0.14984464563879205,0.0
CT,2017,0.12300000000000001,,,,,0.12300000000000001,73781,0.3843084114523382,0.6805018698125291,0.09759970710628915,0.1535455217697813,0.0
CT,2018,0.13,,,,,0.13,76106,0.3894073041277956,0.6753296938939619,0.09823163676488983,0.1568589620449956,0.0
CT,2019,0.129,,,,,0.129,78444,0.39284240031090234,0.6690806959520278,0.09905249513716359,0.16062324863765057,0.0
CT,2020,0.115,,,,,0.115,79855,0.400127751631545,0.6603863999625827,0.09859436181942889,0.16445986317510278,0.0
CT,2021,0.122,,,,,0.122,83572,0.40553099095595985,0.6492742689296126,0.09961806547528243,0.16921197227438264,0.0
CT,2022,0.11599999999999999,,,,,0.11599999999999999,90213,0.4138488331039079,0.6392803511849001,0.09857068764663972,0.1737338483439698,0.0
CT,2023,0.125,,,,,0.125,93760,0.419449135026786,0.6296722829476193,0.09877115832042926,0.17804503622217752,0.0
CT,2024,0.127,,,,,0.127,95781,0.4247513489476173,0.618765084805993,0.09826133643517962,0.18278646370762597,0.0
DC,2012,0.295,,,,,0.295,64267,0.5120570536039403,0.3453238003892637,0.5037333328931143,0.09287356853137964,0.0
DC,2013,0.299,,,,,0.299,65830,0.5235401701575851,0.3508898543845288,0.49385101982495144,0.09603129626669638,0.0
DC,2014,0.28600000000000003,,,,,0.28600000000000003,69235,0.5339118767801844,0.3537498264261459,0.4872154966736938,0.09883768635520153,0.0
DC,2015,0.293,,,,,0.293,70848,0.5457669533342733,0.35597636389470627,0.47982343965256286,0.10162876611622836,0.0
DC,2016,0.29,,,,,0.29,72935,0.5536018591913122,0.35769162484882605,0.4742833557660062,0.10486351476231735,0.0
DC,2017,0.26,,,,,0.26,77649,0.5659243726495942,0.35976240015110256,0.46871388819897947,0.10682623652012,0.0
DC,2018,0.248,,,,,0.248,82604,0.5756877578386015,0.3623925855152243,0.4606017840811807,0.10924210151088827,0.0
DC,2019,0.201,,,,,0.201,86420,0.5854070704045204,0.3657849261494796,0.45442720551825294,0.10999403767668615,0.0
DC,2020,0.23199999999999998,,,,,0.23199999999999998,90842,0.5975764264342034,0.36723867265739185,0.44540253627627235,0.11108815996034041,0.0
DC,2021,0.255,,,,,0.255,93547,0.6140107355359362,0.3665293623399702,0.43872391876502226,0.11268615861138191,0.0
DC,2022,0.204,,,,,0.204,101722,0.6263609274529711,0.3634576870711779,0.4352604509183745,0.11507529970011349,0.0
DC,2023,0.19899999999999998,,,,,0.19899999999999998,106287,0.635636222507566,0.3656712975706725,0.4254351050992517,0.11570068399697059,0.0
DC,2024,0.249,,,,,0.249,109870,0.6424663390050295,0.364588562353404,0.41612284857932114,0.11911450856752004,0.0
DE,2012,0.17300000000000001,,,,,0.17300000000000001,60119,0.28522320252067274,0.6533337925257546,0.20934952801314474,0.08135482501991377,0.0
DE,2013,0.175,,,,,0.175,59878,0.28858741139853006,0.6478767037336286,0.20953694550914417,0.08377713149708403,0.0
DE,2014,0.17800000000000002,,,,,0.17800000000000002,60231,0.2943599952326192,0.6435980197587944,0.21050640088980002,0.08570649684862496,0.0
DE,2015,0.179,,,,,0.179,60509,0.300042147427264,0.6389113760640032,0.21054256336526153,0.08711279782914208,0.0
DE,2016,0.163,,,,,0.163,61017,0.3047533604300102,0.6350360277951631,0.2113523662799095,0.088437404714907,0.0
DE,2017,0.16,,,,,0.16,63036,0.309680142431777,0.630381294689594,0.21341969966049684,0.08984860108590151,0.0
DE,2018,0.165,,,,,0.165,65627,0.3139978696291852,0.6273050411007957,0.21555142470471145,0.09090621856881816,0.0
DE,2019,0.152,,,,,0.152,68287,0.3199336640172115,0.6231373687905328,0.21666485592030488,0.0923104566423748,0.0
DE,2020,0.141,,,,,0.141,69110,0.3265962610499066,0.6151172031221097,0.2150775205414192,0.094401139220754,0.0
DE,2021,0.15,,,,,0.15,72724,0.3364725506720068,0.6080505799008445,0.21528538780232448,0.09703511180455691,0.0
DE,2022,0.135,,,,,0.135,79325,0.34461651369859103,0.6013596541989765,0.2148837349731038,0.0993282241466937,0.0
DE,2023,0.147,,,,,0.147,82855,0.3527747514927327,0.5900830324335502,0.21394769911082126,0.10719952439276569,0.0
DE,2024,0.133,,,,,0.133,84954,0.3576462843201797,0.5811762931714047,0.2137396432205141,0.11049353157244825,0.0
FL,2012,0.24100000000000002,,,,,0.24100000000000002,47309,0.26167499922301246,0.5780873778511287,0.15235535303078312,0.22490827714810027,0.007110533491050106
FL,2013,0.235,,,,,0.235,46956,0.26400684873132746,0.5723254264959126,0.1532637415984658,0.2288976110194689,0.007110533491050106
FL,2014,0.22899999999999998,,,,,0.22899999999999998,47212,0.2676253591391456,0.565995131029194,0.1538867889914322,0.23330438628821135,0.007110533491050106
FL,2015,0.22,,,,,0.22,47507,0.27344415103798014,0.5606167576412879,0.15451904867876914,0.23723847553560123,0.007110533491050106
FL,2016,0.201,,,,,0.201,48900,0.2788337785563139,0.5558430477970023,0.1544521090648546,0.2411330013552919,0.007110533491050106
FL,2017,0.196,,,,,0.196,50883,0.28451231051594233,0.5486096149276125,0.154321778191397,0.24730764638929204,0.007110533491050106
FL,2018,0.188,,,,,0.188,53267,0.29165497527120915,0.5435858550134068,0.15375228801009644,0.2517081761609629,0.007110533491050106
FL,2019,0.16899999999999998,,,,,0.16899999999999998,55660,0.298795749894175,0.5390174721251485,0.1532266182417491,0.2558021773989366,0.007110533491050106
FL,2020,0.165,,,,,0.165,57703,0.30546354761609157,0.5340652584700779,0.15228918197567187,0.25775772209015785,0.007110533491050106
FL,2021,0.175,,,,,0.175,61777,0.31532116469230825,0.5256472401144867,0.15107445903098637,0.2620971124232782,0.007110533491050106
FL,2022,0.161,,,,,0.161,67917,0.3233321867666608,0.5196561015957408,0.14943107843947054,0.2652372510628727,0.007110533491050106
FL,2023,0.153,,,,,0.153,71711,0.332102946449149,0.5137782908302526,0.14813345924947105,0.2674891162937133,0.007110533491050106
FL,2024,0.14800000000000002,,,,,0.14800000000000002,74568,0.34146724261171774,0.504195805537249,0.14630914231781056,0.2741853982746401,0.007110533491050106
GA,2012,0.256,,,,,0.256,49604,0.2776401728279723,0.558424774171659,0.301831198069621,0.08786823172494837,0.07109947172809923
GA,2013,0.249,,,,,0.249,49179,0.2795825478561217,0.5540986687925702,0.30281638384994236,0.08927744865483292,0.07109947172809923
GA,2014,0.248,,,,,0.248,49342,0.28311625953760255,0.5499446090517368,0.3042296358529621,0.09050656879317577,0.07109947172809923
GA,2015,0.23600000000000002,,,,,0.23600000000000002,49620,0.2882192177015956,0.5456748798029479,0.3052307090864085,0.09145079198492449,0.07109947172809923
GA,2016,0.215,,,,,0.215,51037,0.2941196109788629,0.5412482226526142,0.3074734734615796,0.09178736786239074,0.07109947172809923
GA,2017,0.203,,,,,0.203,52977,0.29931028981034163,0.5361342569107795,0.30882441883090306,0.09315957687174654,0.07109947172809923
GA,2018,0.19899999999999998,,,,,0.19899999999999998,55679,0.30650579742540646,0.5318232104075131,0.31030521630332225,0.0940485073829685,0.07109947172809923
GA,2019,0.18600000000000003,,,,,0.18600000000000003,58700,0.3132300535445791,0.5272910107194002,0.31184118720700144,0.09538721590196396,0.07109947172809923
GA,2020,0.188,,,,,0.188,61224,0.3219732935034678,0.5209193027504476,0.3114683016216585,0.09632951932372685,0.07109947172809923
GA,2021,0.196,,,,,0.196,65030,0.33002720801553903,0.514104171852641,0.31145472520884676,0.0986741943878072,0.07109947172809923
GA,2022,0.163,,,,,0.163,71355,0.3363367520555638,0.5078334223221176,0.3109488846868566,0.10058051775151378,0.07109947172809923
GA,2023,0.18,,,,,0.18,74664,0.342049700402313,0.49840851404331127,0.30957414075558626,0.10702604459745772,0.07109947172809923
GA,2024,0.165,,,,,0.165,77353,0.3494532000166852,0.49120201835269933,0.30732586091175584,0.11010705543221563,0.07109947172809923
HI,2012,0.162,,,,,0.162,67492,0.29606887813371374,0.22775384705701057,0.015282557806755557,0.09017340192114359,0.0
HI,2013,0.139,,,,,0.139,67402,0.3010945229088793,0.22827687027082796,0.01648988809109655,0.09312736049896171,0.0
HI,2014,0.149,,,,,0.149,68201,0.3047126662831554,0.2286250344653279,0.017982284821469602,0.09584592275171178,0.0
HI,2015,0.134,,,,,0.134,69515,0.30841784019990603,0.22885033694825924,0.01897249446952604,0.09901948305445712,0.0
HI,2016,0.10400000000000001,,,,,0.10400000000000001,71977,0.3136878240804979,0.22373278686089357,0.01681294047491888,0.10032518128308314,0.0
HI,2017,0.107,,,,,0.107,74923,0.32037345578673604,0.22230874092081218,0.01686551899261285,0.10226158471306039,0.0
HI,2018,0.10800000000000001,,,,,0.10800000000000001,78084,0.3247740970712296,0.2211881754872791,0.017209213032926895,0.10404991740674768,0.0
HI,2019,0.105,,,,,0.105,81275,0.3297727604594136,0.21990248183312777,0.017141623549498136,0.10485804735833215,0.0
HI,2020,0.098,,,,,0.098,83173,0.3356897622796744,0.2157352363327545,0.017696260899079906,0.10743524633223339,0.0
HI,2021,0.124,,,,,0.124,88005,0.34340498342842474,0.21342719425826523,0.01824632713632905,0.10921308457252779,0.0
HI,2022,0.11599999999999999,,,,,0.11599999999999999,94814,0.34716179198829566,0.2104138387923802,0.018381498825649444,0.10962650344101603,0.0
HI,2023,0.115,,,,,0.115,98317,0.35469669080966487,0.21120753163834577,0.017983792589415723,0.09838237176050663,0.0
HI,2024,0.11,,,,,0.11,100389,0.3613862203054367,0.20921095877141088,0.017649032856248293,0.09935477621286504,0.0
IA,2012,0.14300000000000002,,,,,0.14300000000000002,51129,0.2532462534061637,0.8861688660690907,0.028408155015379084,0.04955529612034994,0.202194793141483
IA,2013,0.15,,,,,0.15,51843,0.2574204909511383,0.8823217100242836,0.02921908616765163,0.051496578181667384,0.202194793141483
IA,2014,0.145,,,,,0.145,52716,0.2635214733915923,0.8780188920755423,0.030308474404473387,0.05299020569725118,0.202194793141483
IA,2015,0.13699999999999998,,,,,0.13699999999999998,53183,0.26662873582961183,0.8739580659739081,0.030932987147998758,0.05438131116402448,0.202194793141483
IA,2016,0.13,,,,,0.13,54570,0.27172145479979015,0.8696354747924492,0.03240209760608822,0.05559377181854439,0.202194793141483
IA,2017,0.109,,,,,0.109,56570,0.27681276880953465,0.8650300727814548,0.03341584079032694,0.057180297501492894,0.202194793141483
IA,2018,0.125,,,,,0.125,58580,0.2820335422819456,0.8606189499182602,0.03430839084066747,0.05851430439403173,0.202194793141483
IA,2019,0.11699999999999999,,,,,0.11699999999999999,60523,0.28566288462503314,0.8568387148559583,0.03617127269623138,0.05998105435628767,0.202194793141483
IA,2020,0.111,,,,,0.111,61836,0.29318521291636895,0.8501386185635542,0.036289397084645104,0.06171629241929631,0.202194793141483
IA,2021,0.11599999999999999,,,,,0.11599999999999999,65429,0.2970539897466088,0.8435725317622339,0.03655322749591864,0.06386984954814114,0.202194793141483
IA,2022,0.113,,,,,0.113,70571,0.3028004853599049,0.8382149473977338,0.03698528240398691,0.06542732206987126,0.202194793141483
IA,2023,0.12,,,,,0.12,73147,0.30863181834320963,0.8306418430651168,0.037609001679319715,0.0699234684538525,0.202194793141483
IA,2024,0.12300000000000001,,,,,0.12300000000000001,75059,0.31423453066617024,0.8231241981406675,0.037908342825603555,0.07279411008915414,0.202194793141483
ID,2012,0.19399999999999998,,,,,0.19399999999999998,47015,0.24712828999403755,0.8394970541579523,0.005179859969651799,0.11194773833192052,0.11487809838040874
ID,2013,0.183,,,,,0.183,46767,0.2506558795379571,0.8365530604459872,0.005221162032230112,0.11425105029544691,0.11487809838040874
ID,2014,0.17300000000000001,,,,,0.17300000000000001,47334,0.2541775522483301,0.8334423281799402,0.0054386969634827665,0.11652278513301956,0.11487809838040874
ID,2015,0.159,,,,,0.159,47583,0.25863644654173473,0.8305121966760014,0.005781458874997139,0.11834731684262814,0.11487809838040874
ID,2016,0.15,,,,,0.15,49174,0.26248799644141024,0.8290492777974457,0.006003119567736259,0.11959097098532971,0.11487809838040874
ID,2017,0.133,,,,,0.133,50985,0.26765936396157747,0.825472810920884,0.006430650878648465,0.12186620408778942,0.11487809838040874
ID,2018,0.128,,,,,0.128,53089,0.2692354300969644,0.8221629343130651,0.006362686773207158,0.12387242869305709,0.11487809838040874
ID,2019,0.11199999999999999,,,,,0.11199999999999999,55785,0.27568046785638733,0.8196087905690583,0.006587687381749381,0.12544083830592345,0.11487809838040874
ID,2020,0.10400000000000001,,,,,0.10400000000000001,58915,0.2866798097340188,0.8137003261005251,0.006018125055931855,0.12709256387061543,0.11487809838040874
ID,2021,0.111,,,,,0.111,63377,0.29132878331619133,0.8058778428332258,0.006288304867971542,0.129476042673479,0.11487809838040874
ID,2022,0.113,,,,,0.113,70214,0.3020904135623643,0.800636855761986,0.006428424650330698,0.13064819813721848,0.11487809838040874
ID,2023,0.102,,,,,0.102,74636,0.31184286344578843,0.7934137081576257,0.006863691678427462,0.13334734769417989,0.11487809838040874
ID,2024,0.099,,,,,0.099,77800,0.31800482715725814,0.7855316394573227,0.007179999400288069,0.13645255916726895,0.11487809838040874
IL,2012,0.193,,,,,0.193,56853,0.3107991102071916,0.6354934473707604,0.143054041450858,0.15809467664182236,0.048866232903035066
IL,2013,0.196,,,,,0.196,56797,0.31443925601008443,0.6325072844773039,0.14204719067997845,0.16038427359218788,0.048866232903035066
IL,2014,0.188,,,,,0.188,57166,0.31889684722544276,0.6285483738238073,0.1416069489904495,0.1628359777373819,0.048866232903035066
IL,2015,0.179,,,,,0.179,57574,0.32300157043261196,0.6246719975615518,0.14129033465822458,0.16489672287686558,0.048866232903035066
IL,2016,0.168,,,,,0.168,59196,0.3289365957306582,0.6222418789630993,0.14088107052741103,0.16624078214185783,0.048866232903035066
IL,2017,0.16,,,,,0.16,61229,0.3344746799561832,0.6188858305627138,0.14052622399301226,0.16819523333649175,0.048866232903035066
IL,2018,0.153,,,,,0.153,63575,0.3406673751543794,0.6157070426331652,0.1400816924887944,0.16962465459376547,0.048866232903035066
IL,2019,0.146,,,,,0.146,65886,0.3465256031366178,0.6131137921062788,0.1396726598709179,0.17120430462676434,0.048866232903035066
IL,2020,0.134,,,,,0.134,68428,0.35517215973845073,0.6084743008976606,0.13892444293735123,0.17227648212149513,0.048866232903035066
IL,2021,0.15,,,,,0.15,72563,0.3616215764783035,0.6021989245982607,0.13829073938295622,0.17548813104667804,0.048866232903035066
IL,2022,0.151,,,,,0.151,78433,0.3667159211270079,0.5958483367684008,0.13671429984588052,0.17837978421390674,0.048866232903035066
IL,2023,0.142,,,,,0.142,81702,0.3718549192108079,0.5874717444808426,0.1355025619939346,0.18499820329130562,0.048866232903035066
IL,2024,0.134,,,,,0.134,83390,0.37848152002668184,0.5806051423583108,0.13337502495116504,0.18803363393415162,0.048866232903035066
IN,2012,0.2,,,,,0.2,48374,0.22983572538895633,0.8148220731382015,0.08861295838582198,0.05999417164055983,0.05037235127465394
IN,2013,0.2,,,,,0.2,48248,0.23192023814723034,0.8114378802556187,0.08972869873969683,0.06151904085137043,0.05037235127465394
IN,2014,0.193,,,,,0.193,48737,0.23620306734029584,0.8080706027181722,0.0901595757282751,0.06290280448599148,0.05037235127465394
IN,2015,0.188,,,,,0.188,49255,0.24100792512429126,0.8050550760468864,0.09046782098895587,0.06412372719183332,0.05037235127465394
IN,2016,0.179,,,,,0.179,50433,0.24611498479037774,0.8019754831037739,0.09099657064534329,0.0651820192431139,0.05037235127465394
IN,2017,0.163,,,,,0.163,52182,0.2531915336732235,0.7983443138912599,0.09135331332250245,0.06681887960512928,0.05037235127465394
IN,2018,0.162,,,,,0.162,54325,0.2590808931739175,0.7947601977031458,0.09195477282910575,0.0678375924643077,0.05037235127465394
IN,2019,0.139,,,,,0.139,56303,0.2645655912333007,0.790774956519965,0.09249512016962051,0.06928751551036702,0.05037235127465394
IN,2020,0.13699999999999998,,,,,0.13699999999999998,58235,0.2715506316359842,0.7844612419520515,0.09292622713249263,0.07099934253093187,0.05037235127465394
IN,2021,0.146,,,,,0.146,61944,0.27843577310476686,0.7784530182156432,0.09268619266693723,0.0732310919017558,0.05037235127465394
IN,2022,0.142,,,,,0.142,67173,0.2823526712062931,0.7721507699350997,0.09314290439409334,0.07531745976764646,0.05037235127465394
IN,2023,0.14,,,,,0.14,70051,0.28800141425094705,0.7610479653399008,0.09131145702309773,0.08359229754694533,0.05037235127465394
IN,2024,0.146,,,,,0.146,71957,0.2947427809027146,0.7537772550372767,0.0908011051699493,0.08616869211581894,0.05037235127465394
KS,2012,0.172,,,,,0.172,51273,0.29997296090102765,0.781939987717379,0.0561240720080051,0.10474108466555812,0.1613224502021866
KS,2013,0.165,,,,,0.165,51332,0.30260106702125933,0.7777617780647653,0.05593550031431882,0.10743044105397742,0.1613224502021866
KS,2014,0.16399999999999998,,,,,0.16399999999999998,51872,0.3071522868648806,0.773924312144591,0.056521350035692655,0.10965900852808204,0.1613224502021866
KS,2015,0.153,,,,,0.153,52205,0.31032498296516337,0.7704109973532546,0.05670886180961062,0.11172466381632548,0.1613224502021866
KS,2016,0.132,,,,,0.132,53571,0.3161046476035337,0.7683984222431695,0.05628176871067511,0.11308004852513136,0.1613224502021866
KS,2017,0.134,,,,,0.134,55477,0.3234922016323385,0.7645983566474506,0.05630169914113134,0.11531706510734137,0.1613224502021866
KS,2018,0.135,,,,,0.135,57422,0.32885640017417234,0.761331570392495,0.056282436323732046,0.1170994260128659,0.1613224502021866
KS,2019,0.129,,,,,0.129,59597,0.3338469278165821,0.7587908138795019,0.05651963889877595,0.11876376839278623,0.1613224502021866
KS,2020,0.11900000000000001,,,,,0.11900000000000001,61091,0.3392345148248683,0.7532698234818903,0.05486368110624836,0.12071678444726207,0.1613224502021866
KS,2021,0.122,,,,,0.122,64521,0.3440436306648817,0.7477568117584025,0.0543576461777041,0.12347911854272314,0.1613224502021866
KS,2022,0.126,,,,,0.126,69747,0.3468767518634637,0.742229868504681,0.053737122443988636,0.12601492818950913,0.1613224502021866
KS,2023,0.12,,,,,0.12,72639,0.35155767904813184,0.7337233610512638,0.05266395444668704,0.13259739601010223,0.1613224502021866
KS,2024,0.11800000000000001,,,,,0.11800000000000001,74275,0.35603268748092903,0.7272449042259476,0.05150554917095803,0.1357282869112584,0.1613224502021866
KY,2012,0.24600000000000002,,,,,0.24600000000000002,42610,0.20980871696064082,0.863159873802091,0.07721937888565117,0.030192156200441134,0.21831176278941355
KY,2013,0.237,,,,,0.237,43036,0.21525628993429044,0.8605607505778623,0.07729334127891634,0.03126108462710827,0.21831176278941355
KY,2014,0.24,,,,,0.24,43342,0.2177195089718064,0.8580047051608936,0.07762123819831396,0.03185656742269245,0.21831176278941355
KY,2015,0.23800000000000002,,,,,0.23800000000000002,43740,0.2229765946042523,0.8555496909163308,0.07784342080337876,0.032628947459983314,0.21831176278941355
KY,2016,0.23,,,,,0.23,44811,0.22698600337432784,0.8536616931728525,0.07835808294172991,0.033305840064424455,0.21831176278941355
KY,2017,0.20600000000000002,,,,,0.20600000000000002,46535,0.2319229227523015,0.8508483456198117,0.07876184121783501,0.03437140062237025,0.21831176278941355
KY,2018,0.212,,,,,0.212,48392,0.23621905962841594,0.8477272665850488,0.07869165470775667,0.03575151051618349,0.21831176278941355
KY,2019,0.192,,,,,0.192,50589,0.24215285849094415,0.8455408028496857,0.07956683805898425,0.03663566980111718,0.21831176278941355
KY,2020,0.182,,,,,0.182,52238,0.25023372947884837,0.840828856966637,0.07979646576207006,0.037640252517283916,0.21831176278941355
KY,2021,0.19899999999999998,,,,,0.19899999999999998,55454,0.257099572827031,0.8364399336825435,0.07934998034107074,0.03879695808386964,0.21831176278941355
KY,2022,0.19399999999999998,,,,,0.19399999999999998,60183,0.2647245337547508,0.8324919191593927,0.07891919381470086,0.04008074733479386,0.21831176278941355
KY,2023,0.191,,,,,0.191,62417,0.2699199553499058,0.8231106972825876,0.07769083683886736,0.047035232695409275,0.21831176278941355
KY,2024,0.18,,,,,0.18,63726,0.27552684010819817,0.8154863341995191,0.07554207175405264,0.0500006174440287,0.21831176278941355
LA,2012,0.272,,,,,0.272,44673,0.214235087736005,0.6033188324368239,0.31814738812766236,0.042516290051781556,0.02691853611083618
LA,2013,0.27,,,,,0.27,44874,0.21833976814527978,0.6003071825371806,0.3183785438076624,0.04425271805756958,0.02691853611083618
LA,2014,0.263,,,,,0.263,44991,0.22121688784613402,0.5973720340730995,0.31910288284258653,0.045755652678334875,0.02691853611083618
LA,2015,0.267,,,,,0.267,45047,0.22542853862826193,0.5948178402349017,0.3187628871328768,0.047189418611262995,0.02691853611083618
LA,2016,0.273,,,,,0.273,45652,0.22957593643009297,0.5929484875163324,0.31941700551266017,0.04808951130837963,0.02691853611083618
LA,2017,0.26,,,,,0.26,46710,0.23397019924199622,0.5901739073190491,0.31951591318121886,0.04968584491218003,0.02691853611083618
LA,2018,0.252,,,,,0.252,47942,0.237325290280607,0.5884414583018842,0.31997274218117444,0.0503729295036298,0.02691853611083618
LA,2019,0.254,,,,,0.254,49469,0.24113539401110923,0.5865511724861835,0.3199550120681028,0.05127475097344503,0.02691853611083618
LA,2020,0.23,,,,,0.23,50800,0.2486198527163388,0.5832501539247819,0.319226920286686,0.05217406963402775,0.02691853611083618
LA,2021,0.259,,,,,0.259,53571,0.2553031330422116,0.578410046153301,0.31682464429535967,0.05341758806863626,0.02691853611083618
LA,2022,0.243,,,,,0.243,57852,0.2613043414181842,0.5751836098597018,0.31377924063246004,0.05507627766215441,0.02691853611083618
LA,2023,0.243,,,,,0.243,60023,0.26550693287429256,0.5623836702896002,0.30832921267467717,0.06946986869796203,0.02691853611083618
LA,2024,0.24,,,,,0.24,60756,0.27044225528699545,0.5573635596658342,0.30525930292992504,0.07214198038535018,0.02691853611083618
MA,2012,0.142,,,,,0.142,66658,0.38972363452994224,0.7631019747446688,0.06208903308312737,0.09608976015132774,0.004958095522322668
MA,2013,0.152,,,,,0.152,66866,0.39380062668570875,0.7570740484035113,0.06266803410356124,0.09929708414369715,0.004958095522322668
MA,2014,0.142,,,,,0.142,67846,0.3997583169529345,0.7499512940023202,0.06366778919533486,0.10241763504103997,0.004958095522322668
MA,2015,0.139,,,,,0.139,68563,0.4049666956583979,0.7430111253513115,0.06477077469441149,0.10557287610657741,0.004958095522322668
MA,2016,0.124,,,,,0.124,70954,0.41221661003222154,0.7371559754813862,0.06573310592789267,0.10853210915283168,0.004958095522322668
MA,2017,0.127,,,,,0.127,74167,0.4208745030315289,0.72943501402718,0.06682304955769496,0.11196660519265629,0.004958095522322668
MA,2018,0.11599999999999999,,,,,0.11599999999999999,77378,0.42909875031455347,0.7218554439091253,0.06790379129843037,0.11553509542116892,0.004958095522322668
MA,2019,0.115,,,,,0.115,81215,0.4368890618637831,0.7157873240306294,0.0690719420753332,0.11811878544695589,0.004958095522322668
MA,2020,0.105,,,,,0.105,84385,0.4452740631952404,0.7078451733543547,0.06784341575291034,0.12049172683323432,0.004958095522322668
MA,2021,0.12300000000000001,,,,,0.12300000000000001,89026,0.45205153391851466,0.6967644624056688,0.06692690291499305,0.12360130048519334,0.004958095522322668
MA,2022,0.11599999999999999,,,,,0.11599999999999999,96505,0.45909850224619375,0.6886520369891778,0.06584113725184183,0.1258977936644185,0.004958095522322668
MA,2023,0.12300000000000001,,,,,0.12300000000000001,101341,0.4662498003287751,0.6777145741909604,0.06509143147662567,0.12938041972743244,0.004958095522322668
MA,2024,0.106,,,,,0.106,103960,0.4727900977322007,0.6660070561619612,0.06391928173200213,0.13299908461829377,0.004958095522322668
MD,2012,0.128,,,,,0.128,72999,0.3634112304601317,0.5467629741685069,0.28960904994143977,0.0816325860392955,0.004663259742563973
MD,2013,0.125,,,,,0.125,73538,0.3680809783352669,0.5413596389214883,0.2900269595370412,0.08455343135482087,0.004663259742563973
MD,2014,0.132,,,,,0.132,74149,0.37294387662517275,0.5355305636627481,0.29043903844167984,0.08759232688200094,0.004663259742563973
MD,2015,0.128,,,,,0.128,74551,0.3789935395633003,0.5301515646641165,0.2905866213149633,0.08998694553512683,0.004663259742563973
MD,2016,0.122,,,,,0.122,76067,0.3841227901128129,0.5249062820160466,0.2917192262557337,0.0923078936532849,0.004663259742563973
MD,2017,0.11599999999999999,,,,,0.11599999999999999,78916,0.38994639630983535,0.5185513733224663,0.2925483470114386,0.09561298308444569,0.004663259742563973
MD,2018,0.11599999999999999,,,,,0.11599999999999999,81868,0.3962627628948557,0.5138504872627088,0.29307188301364134,0.0980958401315247,0.004663259742563973
MD,2019,0.11900000000000001,,,,,0.11900000000000001,84805,0.40172041223404253,0.5087955369532509,0.2938429413734987,0.10076380064756578,0.004663259742563973
MD,2020,0.10800000000000001,,,,,0.10800000000000001,87063,0.40895594350418685,0.501603610956893,0.2937748359288356,0.1025930067854507,0.004663259742563973
MD,2021,0.133,,,,,0.133,91431,0.4156017916451986,0.49374396706863166,0.2937638091613544,0.10577413030237234,0.004663259742563973
MD,2022,0.11599999999999999,,,,,0.11599999999999999,98461,0.4222314291113226,0.48509365992248576,0.29470356185388236,0.10920756212523575,0.004663259742563973
MD,2023,0.102,,,,,0.102,101652,0.42736365949083194,0.4738016749374224,0.291594781693859,0.12061312601507307,0.004663259742563973
MD,2024,0.105,,,,,0.105,103678,0.4344641837941011,0.4658315945621108,0.2894666155119609,0.12487022662383293,0.004663259742563973
ME,2012,0.17600000000000002,,,,,0.17600000000000002,48219,0.273235076026183,0.944064483508943,0.010294307959466821,0.012972092057386891,0.23149918633781552
ME,2013,0.16399999999999998,,,,,0.16399999999999998,48453,0.2794713346288116,0.9425168634064081,0.010640508311250301,0.013510298723199228,0.23149918633781552
ME,2014,0.17,,,,,0.17,48804,0.2836409591554065,0.9404230976225693,0.010881158569401634,0.013994362211006861,0.23149918633781552
ME,2015,0.16,,,,,0.16,49331,0.2898485164944158,0.9388368068617862,0.01088932360243774,0.014631705665487924,0.23149918633781552
ME,2016,0.153,,,,,0.153,50826,0.29315637584032866,0.9373520121089717,0.011633756240022919,0.01486702613609961,0.23149918633781552
ME,2017,0.131,,,,,0.131,53024,0.3028105705420743,0.9358730316248145,0.012077512596247965,0.015356822272241343,0.23149918633781552
ME,2018,0.136,,,,,0.136,55425,0.30920542165127074,0.9337581491176932,0.012747474702002456,0.01607202210662711,0.23149918633781552
ME,2019,0.125,,,,,0.125,57918,0.3181219504433246,0.9318895208657184,0.013004944994054626,0.01654820845051861,0.23149918633781552
ME,2020,0.122,,,,,0.122,59489,0.3248980796734478,0.9263796543173046,0.013246322226987116,0.01726026886431861,0.23149918633781552
ME,2021,0.129,,,,,0.129,63182,0.3361644386370489,0.9200727167686283,0.013878674709626644,0.018073079320818898,0.23149918633781552
ME,2022,0.115,,,,,0.115,68251,0.3412279402481806,0.9141804119978141,0.015430714679187007,0.018945842163826155,0.23149918633781552
ME,2023,0.12,,,,,0.12,71773,0.3534452062205522,0.9063815885000726,0.016318426020037753,0.020770291854218092,0.23149918633781552
ME,2024,0.114,,,,,0.114,74733,0.36189622411693056,0.8991134998346324,0.01790293677048199,0.021808350812823306,0.23149918633781552
MI,2012,0.22699999999999998,,,,,0.22699999999999998,48471,0.2552519799669196,0.7652016759379158,0.13913390609768517,0.04429486775335083,0.06911433195952381
MI,2013,0.21600000000000003,,,,,0.21600000000000003,48411,0.2593366740535342,0.7633527697235359,0.13860346274236693,0.04527510609598633,0.06911433195952381
MI,2014,0.20800000000000002,,,,,0.20800000000000002,49087,0.26415556643867505,0.7610850170856093,0.13835126702089104,0.046223874064821764,0.06911433195952381
MI,2015,0.20800000000000002,,,,,0.20800000000000002,49576,0.2693495012900845,0.7589079458144384,0.13803567491208335,0.04717111770624139,0.06911433195952381
MI,2016,0.18899999999999997,,,,,0.18899999999999997,50803,0.2741030402905573,0.7571522563978365,0.13744177363364818,0.047870852506660205,0.06911433195952381
MI,2017,0.177,,,,,0.177,52668,0.2808108426642254,0.754955484663447,0.1369400723464894,0.04882017835150593,0.06911433195952381
MI,2018,0.179,,,,,0.179,54938,0.2860293124184628,0.7521345745031277,0.1366152788735472,0.05000226964873068,0.06911433195952381
MI,2019,0.163,,,,,0.163,57144,0.29135918796268573,0.7503463279702045,0.136276757316539,0.05091214332985625,0.06911433195952381
MI,2020,0.158,,,,,0.158,59234,0.2998582949816405,0.7448056213076781,0.13461043901853106,0.05225665328541764,0.06911433195952381
MI,2021,0.165,,,,,0.165,63202,0.3061709642398845,0.7402165582510609,0.13426577777000415,0.05366810991132234,0.06911433195952381
MI,2022,0.16899999999999998,,,,,0.16899999999999998,68505,0.3113598029758567,0.7351559034913875,0.1339161443005965,0.05472572313900656,0.06911433195952381
MI,2023,0.168,,,,,0.168,71149,0.31763462453706176,0.729629078768096,0.13231710987161738,0.0573847235190037,0.06911433195952381
MI,2024,0.168,,,,,0.168,72875,0.32445883267292164,0.7235368054471624,0.13111513559410667,0.058747672226003377,0.06911433195952381
MN,2012,0.131,,,,,0.131,59126,0.32234468284243517,0.8301044158747062,0.05039580612454431,0.04705838288556113,0.09759372392225418
MN,2013,0.131,,,,,0.131,59836,0.326025290743617,0.8258011795637036,0.0514484623411011,0.048084611443338685,0.09759372392225418
MN,2014,0.135,,,,,0.135,60828,0.33171335630863064,0.8213368189416087,0.05300519479216838,0.04908648594330141,0.09759372392225418
MN,2015,0.121,,,,,0.121,61492,0.3372550779082365,0.8170639014712767,0.054221761963222787,0.05000469629026285,0.09759372392225418
MN,2016,0.11599999999999999,,,,,0.11599999999999999,63217,0.34240609437011316,0.8131519603850249,0.05602832429624052,0.05063890741804791,0.09759372392225418
MN,2017,0.10800000000000001,,,,,0.10800000000000001,65699,0.3476310663074321,0.8076296285773502,0.05856110831245267,0.05184177830035591,0.09759372392225418
MN,2018,0.10800000000000001,,,,,0.10800000000000001,68411,0.3544657992658696,0.802928089694932,0.060879899583128144,0.05296635390723742,0.09759372392225418
MN,2019,0.10400000000000001,,,,,0.10400000000000001,71306,0.36081844487509623,0.7984584186082628,0.06287690680014912,0.053844265120939115,0.09759372392225418
MN,2020,0.091,,,,,0.091,73382,0.367810073431835,0.7897069479726136,0.06330883763088452,0.05494033569719183,0.09759372392225418
MN,2021,0.10099999999999999,,,,,0.10099999999999999,77706,0.3756885313350146,0.7833448432511438,0.06547056400243224,0.05640235945085347,0.09759372392225418
MN,2022,0.102,,,,,0.102,84313,0.3819541233824559,0.7766839698473756,0.06622540161241952,0.05742444812311643,0.09759372392225418
MN,2023,0.09699999999999999,,,,,0.09699999999999999,87556,0.3882845553277795,0.7672269675286626,0.0672567554985232,0.06188757019074802,0.09759372392225418
MN,2024,0.086,,,,,0.086,89062,0.39403691983982647,0.7588491570177953,0.06949818318670185,0.06373978668669184,0.09759372392225418
MO,2012,0.20600000000000002,,,,,0.20600000000000002,47333,0.25771904367157955,0.8090611597694777,0.11446150575027167,0.03546261349726273,0.12714623261124894
MO,2013,0.205,,,,,0.205,47380,0.2615941905877368,0.8070219946723771,0.11418132495403002,0.03657372125565698,0.12714623261124894
MO,2014,0.195,,,,,0.195,47764,0.2665824424847292,0.8047778428805477,0.11448346039432813,0.037555598170958694,0.12714623261124894
MO,2015,0.18899999999999997,,,,,0.18899999999999997,48173,0.2711815512178269,0.8022376505430201,0.11440492085946319,0.03854900414328268,0.12714623261124894
MO,2016,0.175,,,,,0.175,49593,0.2763468738592082,0.8004700270692157,0.11496520179132429,0.03915803071827074,0.12714623261124894
MO,2017,0.172,,,,,0.172,51542,0.28186587561756,0.798161078465261,0.11491448981943278,0.04023175810248054,0.12714623261124894
MO,2018,0.171,,,,,0.171,53560,0.28633439664781984,0.7961051956449704,0.1148970240368653,0.040903524463297744,0.12714623261124894
MO,2019,0.159,,,,,0.159,55461,0.29218016461974305,0.7944262896586518,0.11406867586909553,0.0417354227990257,0.12714623261124894
MO,2020,0.14800000000000002,,,,,0.14800000000000002,57290,0.29941256351764706,0.7881804198453339,0.1130783650329188,0.04289192313721392,0.12714623261124894
MO,2021,0.154,,,,,0.154,61043,0.30688981543853733,0.7816879300839171,0.11232356606671884,0.04421794294389643,0.12714623261124894
MO,2022,0.155,,,,,0.155,65920,0.3119323646992731,0.7757246740636244,0.11182512346407185,0.04550841654992134,0.12714623261124894
MO,2023,0.135,,,,,0.135,68920,0.3189689839693918,0.7680677658453927,0.11033836393581836,0.05056985195473349,0.12714623261124894
MO,2024,0.142,,,,,0.142,70702,0.3239843841140294,0.7628887108042974,0.10881786823699807,0.05238836308713408,0.12714623261124894
MS,2012,0.321,,,,,0.321,38882,0.199743391733413,0.579951274084957,0.37004266044844014,0.02649732782499107,0.26011159367286907
MS,2013,0.324,,,,,0.324,39031,0.20123194185943455,0.5779731207791265,0.3704203607007624,0.027355223872574972,0.26011159367286907
MS,2014,0.294,,,,,0.294,39464,0.20406604301118733,0.5759096217092863,0.37168591432961,0.028171340779970144,0.26011159367286907
MS,2015,0.301,,,,,0.301,39665,0.20666214861636856,0.5738378578090755,0.37231420433381823,0.028950687749093817,0.26011159367286907
MS,2016,0.29100000000000004,,,,,0.29100000000000004,40528,0.2102346894341285,0.5721030967565817,0.3738090427112076,0.02900583167625231,0.26011159367286907
MS,2017,0.27,,,,,0.27,42009,0.21334174462361605,0.5700410552471017,0.37453971910977757,0.029556094326606882,0.26011159367286907
MS,2018,0.27,,,,,0.27,43567,0.21815378734660557,0.567777561411715,0.37532329439413376,0.030277753799064628,0.26011159367286907
MS,2019,0.264,,,,,0.264,45081,0.22025591318388194,0.5662501030351647,0.3757905226412654,0.030559392149491122,0.26011159367286907
MS,2020,0.247,,,,,0.247,46511,0.22752068466127984,0.5637260277647824,0.37516797542452884,0.03163890691470185,0.26011159367286907
MS,2021,0.257,,,,,0.257,49111,0.232473956552463,0.5601149704602897,0.37396980070596014,0.032235341620203146,0.26011159367286907
MS,2022,0.262,,,,,0.262,52985,0.23881814052782013,0.5587218800843302,0.37131875062101916,0.03282462149094613,0.26011159367286907
MS,2023,0.235,,,,,0.235,54915,0.24158629811328033,0.5543704458640161,0.368669780628968,0.03595738755142409,0.26011159367286907
MS,2024,0.243,,,,,0.243,56447,0.25134540675547823,0.5519375562266461,0.36329870682531673,0.037313962126104466,0.26011159367286907
MT,2012,0.192,,,,,0.192,45456,0.28482863301143835,0.8769874392527137,0.003972607578839001,0.029253571662873377,0.23279854273790035
MT,2013,0.193,,,,,0.193,46230,0.2867864302076711,0.8743723424071207,0.003946706938232685,0.030534152384347767,0.23279854273790035
MT,2014,0.18,,,,,0.18,46766,0.29070121059711096,0.8721573576318848,0.004397984836590916,0.03170007055059272,0.23279854273790035
MT,2015,0.168,,,,,0.168,47169,0.2946608578777837,0.8697998125552504,0.004449595397255738,0.03313494937907695,0.23279854273790035
MT,2016,0.15,,,,,0.15,48380,0.2993439609182829,0.8683240325545173,0.003857763064166091,0.034044661326902426,0.23279854273790035
MT,2017,0.14,,,,,0.14,50801,0.3072910377472408,0.8661257527707595,0.003961695838859964,0.035563988184824764,0.23279854273790035
MT,2018,0.14800000000000002,,,,,0.14800000000000002,52559,0.3120261750857872,0.8629407563557614,0.00417381821812136,0.03745589076653112,0.23279854273790035
MT,2019,0.142,,,,,0.142,54970,0.3202966977512633,0.8609440450616714,0.004441064522975799,0.03837056904827397,0.23279854273790035
MT,2020,0.134,,,,,0.134,56539,0.3314277625332114,0.8559646982918984,0.004644416292661333,0.03908901248463556,0.23279854273790035
MT,2021,0.136,,,,,0.136,60560,0.33655564516345104,0.850658362230027,0.004952791244348215,0.04070305701971654,0.23279854273790035
MT,2022,0.129,,,,,0.129,66341,0.33978765497230284,0.8459691896248535,0.004806565064478312,0.04202172479484174,0.23279854273790035
MT,2023,0.11699999999999999,,,,,0.11699999999999999,69922,0.3453899926655286,0.8408556184574398,0.00474448723703071,0.04390573645880087,0.23279854273790035
MT,2024,0.109,,,,,0.109,72509,0.35161353908537957,0.8359127028539451,0.004057750419697818,0.04560223838836038,0.23279854273790035
NC,2012,0.239,,,,,0.239,46450,0.26828163733161886,0.6524907302816597,0.21175359108925176,0.08343170845605558,0.051723434362244226
NC,2013,0.23600000000000002,,,,,0.23600000000000002,46334,0.2726908553060523,0.6487975812785322,0.21141204677465814,0.0854663270951926,0.051723434362244226
NC,2014,0.226,,,,,0.226,46693,0.27794394713386983,0.6455657995744792,0.2115398283455918,0.08703197456926148,0.051723434362244226
NC,2015,0.21899999999999997,,,,,0.21899999999999997,46868,0.2836037124403761,0.6423726856166266,0.2116991878283853,0.08835739735771253,0.051723434362244226
NC,2016,0.203,,,,,0.203,48256,0.2902812583773744,0.6399303961400399,0.21171244487883706,0.08900294824535743,0.051723434362244226
NC,2017,0.196,,,,,0.196,50320,0.29859989198189635,0.6364008227154784,0.21161705610628292,0.09100086306339358,0.051723434362244226
NC,2018,0.19,,,,,0.19,52413,0.30503849734094723,0.6334459605830227,0.21133649690063358,0.09216075742859325,0.051723434362244226
NC,2019,0.18100000000000002,,,,,0.18100000000000002,54602,0.31255685431220764,0.6307614431971706,0.21094273325854107,0.09378242854565413,0.051723434362244226
NC,2020,0.17,,,,,0.17,56642,0.3204118266147163,0.6261457601494749,0.210145898024374,0.09541973230509983,0.051723434362244226
NC,2021,0.172,,,,,0.172,60516,0.3301628708815793,0.6206141937385683,0.20840642568328688,0.09807348725603167,0.051723434362244226
NC,2022,0.165,,,,,0.165,66186,0.3386575669760874,0.6166051620339374,0.20647534042761687,0.10038075630545851,0.051723434362244226
NC,2023,0.16899999999999998,,,,,0.16899999999999998,69904,0.3472072389665937,0.6064889260926992,0.20287594691780497,0.10947777565724458,0.051723434362244226
NC,2024,0.159,,,,,0.159,72388,0.3565176624893467,0.6000326735135042,0.20005146124973486,0.11312248821200022,0.051723434362244226
ND,2012,0.11900000000000001,,,,,0.11900000000000001,51641,0.2705577600166219,0.8880226779030925,0.011764827660653631,0.02099066473642261,0.2672963724531315
ND,2013,0.113,,,,,0.113,53741,0.27205619531602093,0.8828352767037654,0.012893947499278757,0.023274053648911757,0.2672963724531315
ND,2014,0.12300000000000001,,,,,0.12300000000000001,55579,0.2732161901043995,0.8773387239777282,0.014747668191651594,0.025889279001312198,0.2672963724531315
ND,2015,0.105,,,,,0.105,57181,0.27676430998012946,0.8704589546034034,0.01600382462169503,0.02850313175544593,0.2672963724531315
ND,2016,0.105,,,,,0.105,59114,0.28172535159660556,0.8637147801706689,0.019685884356975776,0.031239047926950862,0.2672963724531315
ND,2017,0.10400000000000001,,,,,0.10400000000000001,61285,0.28892459164967355,0.856867098158892,0.022823032294845568,0.033192259968476474,0.2672963724531315
ND,2018,0.096,,,,,0.096,63473,0.29454565482127887,0.8501411191955341,0.026738863681383035,0.03526849871244521,0.2672963724531315
ND,2019,0.102,,,,,0.102,64894,0.30047791414512753,0.8444173977854337,0.028513962287090154,0.037420858788688505,0.2672963724531315
ND,2020,0.094,,,,,0.094,65315,0.30682478267423746,0.836781984076676,0.030851111397512343,0.039880640825677216,0.2672963724531315
ND,2021,0.105,,,,,0.105,68131,0.3108809935363775,0.8313971531427152,0.030887936028468573,0.04128305126825837,0.2672963724531315
ND,2022,0.11699999999999999,,,,,0.11699999999999999,73959,0.3142560285705256,0.8295025963026179,0.03202835981124352,0.0427212134786336,0.2672963724531315
ND,2023,0.094,,,,,0.094,75949,0.32284851782091295,0.8252324660843948,0.031708027473789424,0.04486111057648509,0.2672963724531315
ND,2024,0.10800000000000001,,,,,0.10800000000000001,76657,0.3269329281950896,0.8173884901527826,0.033029620012206294,0.04660179577774352,0.2672963724531315
NE,2012,0.159,,,,,0.159,51381,0.28111420246009855,0.8213971825189651,0.04413272872742715,0.09147619501057841,0.17979366853190204
NE,2013,0.15,,,,,0.15,51672,0.2854388939022279,0.816614674540148,0.04463883798275979,0.09442910473087626,0.17979366853190204
NE,2014,0.147,,,,,0.147,52400,0.28960720327838113,0.8120635885530257,0.045231316591732025,0.09724420502722275,0.17979366853190204
NE,2015,0.14400000000000002,,,,,0.14400000000000002,52997,0.29277274971202893,0.8075635309316265,0.045870121672332585,0.09964239193522935,0.17979366853190204
NE,2016,0.126,,,,,0.126,54384,0.2998484338160997,0.8033726350279254,0.045666758271987004,0.10195406374135618,0.17979366853190204
NE,2017,0.126,,,,,0.126,56675,0.30591599248526147,0.7983680417504215,0.04607372746804117,0.10470341687958473,0.17979366853190204
NE,2018,0.115,,,,,0.115,59116,0.31326164239900905,0.793965643965644,0.046432096432096434,0.10672263172263172,0.17979366853190204
NE,2019,0.10300000000000001,,,,,0.10300000000000001,61439,0.319118067889876,0.7897910289041252,0.04694106408171857,0.10878207180616441,0.17979366853190204
NE,2020,0.095,,,,,0.095,63015,0.3249718151071026,0.7834008896854497,0.04664870939471657,0.1117315183389766,0.17979366853190204
NE,2021,0.111,,,,,0.111,66644,0.32946762172482874,0.776664377805563,0.04679832742328899,0.1151397913378564,0.17979366853190204
NE,2022,0.127,,,,,0.127,71722,0.33463338229621636,0.7707110839081768,0.046635959567908954,0.11780305563368743,0.17979366853190204
NE,2023,0.10300000000000001,,,,,0.10300000000000001,74985,0.3411989558661227,0.7622148544757026,0.04615382267694715,0.12321216566645947,0.17979366853190204
NE,2024,0.109,,,,,0.109,76475,0.3457763320798825,0.7529806080435355,0.04591938068647859,0.12736751828340426,0.17979366853190204
NH,2012,0.122,,,,,0.122,64925,0.33435169694204364,0.9221244593821206,0.010845754830835372,0.028353500714245593,0.053959662555198476
NH,2013,0.099,,,,,0.099,64916,0.33680905746990497,0.9194577503598851,0.011017525400421932,0.029425298160738828,0.053959662555198476
NH,2014,0.111,,,,,0.111,65986,0.3436133414142909,0.9166409930139909,0.010966876067790555,0.030506355080620315,0.053959662555198476
NH,2015,0.098,,,,,0.098,66779,0.348859908446784,0.9140372194251477,0.011693844061437803,0.03182371860465292,0.053959662555198476
NH,2016,0.075,,,,,0.075,68485,0.35467166625194135,0.9124431357217272,0.011725020583757626,0.03276828752929372,0.053959662555198476
NH,2017,0.091,,,,,0.091,71305,0.36037088957509067,0.9093455108991416,0.012138772592668233,0.033987361921180195,0.053959662555198476
NH,2018,0.09,,,,,0.09,74057,0.3648981478077753,0.9039350353001068,0.013115295819806463,0.03598928865410063,0.053959662555198476
NH,2019,0.075,,,,,0.075,76768,0.37042933886750173,0.901198257727034,0.013600380973857004,0.03745426978527198,0.053959662555198476
NH,2020,0.076,,,,,0.076,77923,0.37551407489172767,0.8958010513235993,0.013534832104034403,0.03895387103724495,0.053959662555198476
NH,2021,0.08800000000000001,,,,,0.08800000000000001,83449,0.38234733385660363,0.8894674513090531,0.01363164319419899,0.040749175578916684,0.053959662555198476
NH,2022,0.066,,,,,0.066,90845,0.3904816048079266,0.8826479947231464,0.013392915389131711,0.042514913635012794,0.053959662555198476
NH,2023,0.078,,,,,0.078,95628,0.3981661121140839,0.8753092949156743,0.013844595246981988,0.04522010557458601,0.053959662555198476
NH,2024,0.062,,,,,0.062,99031,0.4064601772516284,0.8692033941562929,0.013409154127845789,0.0468739694365345,0.053959662555198476
NJ,2012,0.141,,,,,0.141,71637,0.35381394404504485,0.5923232135774301,0.12795989669188418,0.17713211721595726,0.0
NJ,2013,0.152,,,,,0.152,71629,0.3581456339865234,0.5854377618057865,0.1277649600799601,0.1815484931285994,0.0
NJ,2014,0.14800000000000002,,,,,0.14800000000000002,72062,0.3635016962073125,0.5782456317482225,0.12770016228750333,0.18590426772637708,0.0
NJ,2015,0.146,,,,,0.146,72093,0.3680305081100781,0.5720118777060318,0.12719659341946515,0.18956982341227882,0.0
NJ,2016,0.136,,,,,0.136,73702,0.37464595364256503,0.5669492396126458,0.12718564255154194,0.19290443472549246,0.0
NJ,2017,0.131,,,,,0.131,76475,0.3809134741978802,0.560660238136346,0.126822163128542,0.19692949713738403,0.0
NJ,2018,0.127,,,,,0.127,79363,0.3889452099357505,0.5584430937491028,0.12714216471915463,0.19905999260288826,0.0
NJ,2019,0.115,,,,,0.115,82545,0.3971364278057048,0.553739746441489,0.12677148388641643,0.20214398756186713,0.0
NJ,2020,0.121,,,,,0.121,85245,0.40733634697522536,0.5468293106750859,0.12617684390312306,0.20427603968659663,0.0
NJ,2021,0.132,,,,,0.132,89703,0.415005694361132,0.5378848917871558,0.12549458394303503,0.2084143381043844,0.0
NJ,2022,0.122,,,,,0.122,97126,0.4225247755446823,0.5298282647658471,0.1240958138137885,0.21228344968566004,0.0
NJ,2023,0.124,,,,,0.124,101050,0.4291053718560445,0.5194058193933883,0.12289751585570066,0.21937681328635092,0.0
NJ,2024,0.114,,,,,0.114,103556,0.4362785331498243,0.5094259739256228,0.1216482485889855,0.2246364410916362,0.0
NM,2012,0.27,,,,,0.27,44886,0.25629457706049663,0.40458729121529013,0.017314370207177878,0.46347249800149565,0.06899526899838584
NM,2013,0.285,,,,,0.285,44927,0.2580630316004183,0.4003341537397099,0.017736818659268516,0.46686244326488885,0.06899526899838584
NM,2014,0.262,,,,,0.262,44968,0.2608585359110538,0.39627755596526104,0.01803724367033078,0.4702639555595084,0.06899526899838584
NM,2015,0.256,,,,,0.256,44963,0.2632469721937504,0.39203557189927435,0.01827200680192139,0.47356842250219155,0.06899526899838584
NM,2016,0.262,,,,,0.262,45674,0.26656428321881914,0.3868127868614744,0.01791835380466123,0.4781513529034138,0.06899526899838584
NM,2017,0.24600000000000002,,,,,0.24600000000000002,46718,0.2687362028907884,0.38167561064989536,0.017884928636798816,0.4816239037464961,0.06899526899838584
NM,2018,0.24,,,,,0.24,48059,0.2712482428206673,0.37674210990645346,0.018168314986279136,0.485439923075232,0.06899526899838584
NM,2019,0.22399999999999998,,,,,0.22399999999999998,49754,0.27328411375181616,0.3738524239959397,0.01811796101610836,0.4878563638674972,0.06899526899838584
NM,2020,0.20600000000000002,,,,,0.20600000000000002,51243,0.28141635189196906,0.36677696599128,0.018109022274931916,0.49202559249525873,0.06899526899838584
NM,2021,0.221,,,,,0.221,54020,0.28531464512045446,0.36025848525101856,0.01794283211163923,0.4960784425272807,0.06899526899838584
NM,2022,0.226,,,,,0.226,58722,0.29074668667724846,0.35618327989649995,0.01798658722069925,0.4978198434718146,0.06899526899838584
NM,2023,0.21899999999999997,,,,,0.21899999999999997,62125,0.3020181268215898,0.365279784827461,0.018149508598579136,0.48152847026245904,0.06899526899838584
NM,2024,0.19699999999999998,,,,,0.19699999999999998,64059,0.309783240890137,0.3595908210651028,0.018192700281005128,0.48419570181950583,0.06899526899838584
NV,2012,0.217,,,,,0.217,54083,0.22216781526150609,0.5407876033021177,0.07794604253229416,0.2654514970024451,0.016229392768311937
NV,2013,0.21100000000000002,,,,,0.21100000000000002,52800,0.22352348071695619,0.5339779331342173,0.07915889212934779,0.2688934992780394,0.016229392768311937
NV,2014,0.20199999999999999,,,,,0.20199999999999999,52205,0.2253495822329971,0.526941059913441,0.07984656631846071,0.27232523073714215,0.016229392768311937
NV,2015,0.201,,,,,0.201,51847,0.23006553846464112,0.5199950976118366,0.08067572917664176,0.275331625834871,0.016229392768311937
NV,2016,0.185,,,,,0.185,53094,0.23180646419977888,0.5126522803127109,0.0822211546183183,0.27842518875221367,0.016229392768311937
NV,2017,0.179,,,,,0.179,55434,0.23684733359315416,0.5046436208433975,0.08403916577928992,0.281988416487027,0.016229392768311937
NV,2018,0.171,,,,,0.171,57598,0.2424981888131105,0.4988601874404049,0.08552169475740963,0.28451589527888715,0.016229392768311937
NV,2019,0.165,,,,,0.165,60365,0.24731854873220702,0.4922775740130306,0.08740532004298236,0.28698902092665074,0.016229392768311937
NV,2020,0.152,,,,,0.152,62043,0.25455722077351445,0.4818559730929244,0.08967617194577004,0.2890154411422571,0.016229392768311937
NV,2021,0.175,,,,,0.175,65686,0.26059352261378227,0.4716478417174473,0.08926078977836964,0.2933459247041257,0.016229392768311937
NV,2022,0.156,,,,,0.156,71646,0.26549382753295797,0.46377097265313866,0.08976020164795542,0.29583353865944434,0.016229392768311937
NV,2023,0.151,,,,,0.151,75561,0.27384827790960353,0.45953740846864055,0.0905049347341611,0.29196338745622413,0.016229392768311937
NV,2024,0.145,,,,,0.145,78260,0.27889601564986644,0.4478551861262848,0.08976195530256119,0.2962900975063838,0.016229392768311937
NY,2012,0.217,,,,,0.217,57683,0.32788214790708764,0.5825579018590714,0.1445110287721107,0.1766070174308084,0.01420511177303938
NY,2013,0.222,,,,,0.222,58003,0.33203240315311566,0.5780317834615629,0.1441501185428089,0.1789948947129153,0.01420511177303938
NY,2014,0.217,,,,,0.217,58687,0.3367968933213521,0.5726341752945878,0.14415221137951642,0.1816670434763526,0.01420511177303938
NY,2015,0.213,,,,,0.213,59269,0.3420805393354096,0.5678045647336826,0.14394286351556693,0.1839895280751342,0.01420511177303938
NY,2016,0.198,,,,,0.198,60741,0.34740944646148875,0.5640989088083807,0.14366742874473593,0.18590871907982842,0.01420511177303938
NY,2017,0.18899999999999997,,,,,0.18899999999999997,62765,0.35289366830324614,0.5592198958411834,0.14359209319137045,0.1882106822893443,0.01420511177303938
NY,2018,0.17800000000000002,,,,,0.17800000000000002,65323,0.359254382992872,0.5586339554907821,0.14316516190139966,0.18888278295949226,0.01420511177303938
NY,2019,0.172,,,,,0.172,68486,0.3657445746704962,0.556081882785581,0.14257400975326429,0.1901145694590406,0.01420511177303938
NY,2020,0.163,,,,,0.163,71117,0.3745866502964249,0.5516976841583555,0.14027630959378676,0.19066030180402627,0.01420511177303938
NY,2021,0.182,,,,,0.182,75157,0.3811292883784482,0.5465232594298362,0.13906340845981394,0.19248332504339477,0.01420511177303938
NY,2022,0.182,,,,,0.182,81386,0.3879253659727761,0.5382420229205418,0.13840004733330302,0.19484045991125806,0.01420511177303938
NY,2023,0.179,,,,,0.179,84578,0.3955021735281547,0.5338502265387346,0.13627468439893703,0.19618505520166016,0.01420511177303938
NY,2024,0.171,,,,,0.171,85974,0.40226560484616597,0.5275839665660003,0.13407827560704855,0.19826780344468764,0.01420511177303938
OH,2012,0.214,,,,,0.214,48246,0.24733870726304785,0.8109711302519664,0.12010098182165942,0.030771935918143582,0.03213574058718679
OH,2013,0.20800000000000002,,,,,0.20800000000000002,48308,0.25152713734683446,0.8083870509689088,0.11992927887483452,0.03181013351989118,0.03213574058718679
OH,2014,0.20800000000000002,,,,,0.20800000000000002,48849,0.25624399908959017,0.8054720519567696,0.1201444070177624,0.03283127371245582,0.03213574058718679
OH,2015,0.193,,,,,0.193,49429,0.2609563047457067,0.8026366154666686,0.12038102701828104,0.03377425508015436,0.03213574058718679
OH,2016,0.187,,,,,0.187,50674,0.2666746601638166,0.799617690294617,0.12103479253066016,0.034602057609510566,0.03213574058718679
OH,2017,0.182,,,,,0.182,52407,0.2723866812877544,0.796156870135772,0.1213382951372966,0.03570187004791488,0.03213574058718679
OH,2018,0.17800000000000002,,,,,0.17800000000000002,54533,0.2778816152277568,0.7920231777018125,0.12180576692130196,0.037049603418829555,0.03213574058718679
OH,2019,0.166,,,,,0.166,56602,0.2827719481123908,0.7890863777527269,0.12233705981872604,0.03804374917473854,0.03213574058718679
OH,2020,0.153,,,,,0.153,58116,0.2889019117485963,0.782968281261041,0.12183113459854265,0.03939427550957044,0.03213574058718679
OH,2021,0.16899999999999998,,,,,0.16899999999999998,61938,0.2969164908789937,0.7776453592772017,0.12172093224399175,0.04081139698195137,0.03213574058718679
OH,2022,0.168,,,,,0.168,66990,0.30370645802810275,0.7724007516805336,0.12155214709389628,0.04200750032930823,0.03213574058718679
OH,2023,0.166,,,,,0.166,69680,0.30949434124665903,0.7649461640472371,0.12125521411376491,0.04563301365716229,0.03213574058718679
OH,2024,0.154,,,,,0.154,71389,0.3148718436267798,0.7583142941500266,0.12030844620027632,0.04764826749006142,0.03213574058718679
OK,2012,0.221,,,,,0.221,44891,0.232332002226122,0.6865314930228154,0.07126530906200446,0.08830529700547211,0.13534534556529818
OK,2013,0.217,,,,,0.217,45339,0.23473500363998184,0.682121232772862,0.07124547842932773,0.09116812503334881,0.13534534556529818
OK,2014,0.21100000000000002,,,,,0.21100000000000002,46235,0.2381922545512838,0.67768315653059,0.07143824150248333,0.09372347860652328,0.13534534556529818
OK,2015,0.204,,,,,0.204,46879,0.24129554623641533,0.6731095377263826,0.07122935538646447,0.0964895487557189,0.13534534556529818
OK,2016,0.21100000000000002,,,,,0.21100000000000002,48038,0.24469099285871557,0.6692843332974678,0.07135921791500595,0.09842813569756752,0.13534534556529818
OK,2017,0.201,,,,,0.201,49767,0.2484303822849373,0.6645388092296929,0.07157829410887542,0.10134845008701955,0.13534534556529818
OK,2018,0.19899999999999998,,,,,0.19899999999999998,51424,0.25177534896062587,0.6600356240733798,0.07213172995227068,0.10400886952140775,0.13534534556529818
OK,2019,0.184,,,,,0.184,52919,0.2552031412513773,0.6563224820550896,0.07143485546178745,0.10625980518044074,0.13534534556529818
OK,2020,0.17300000000000001,,,,,0.17300000000000001,53840,0.261479966917846,0.6489989978077361,0.07143822945695764,0.10925035107114046,0.13534534556529818
OK,2021,0.19,,,,,0.19,56956,0.26848601912536557,0.6416648261356752,0.07052796560199548,0.11243634971034433,0.13534534556529818
OK,2022,0.187,,,,,0.187,61364,0.27266807183527103,0.6371814410135558,0.06994137006022168,0.11552357299350687,0.13534534556529818
OK,2023,0.193,,,,,0.193,63603,0.2778124615486546,0.628225196858277,0.06880628544825618,0.12284482111301893,0.13534534556529818
OK,2024,0.174,,,,,0.174,65039,0.2834718160375149,0.6212180108691929,0.06762490710250671,0.12679334980541793,0.13534534556529818
OR,2012,0.204,,,,,0.204,50036,0.2924571714718435,0.7841145922930239,0.017101475566565223,0.11726130341539498,0.03968393696297793
OR,2013,0.193,,,,,0.193,50229,0.2970327550945918,0.7802097902640175,0.0171175434982259,0.11939372211126106,0.03968393696297793
OR,2014,0.193,,,,,0.193,50521,0.300695531744514,0.7762386538824919,0.017256174649255208,0.12145829225788604,0.03968393696297793
OR,2015,0.18100000000000002,,,,,0.18100000000000002,51243,0.3075748110846079,0.772487943718993,0.017542755150558496,0.12328440587291993,0.03968393696297793
OR,2016,0.158,,,,,0.158,53270,0.31438326488341256,0.7700304876594161,0.01766807700237076,0.1242523416938141,0.03968393696297793
OR,2017,0.149,,,,,0.149,56119,0.3227098525243276,0.765192005121826,0.01804564178968763,0.12658159605895664,0.03968393696297793
OR,2018,0.14300000000000002,,,,,0.14300000000000002,59393,0.3289786027467707,0.7603136545512762,0.018215834958988892,0.12835946018844457,0.03968393696297793
OR,2019,0.128,,,,,0.128,62818,0.3366460270097794,0.756898573612349,0.018216849568853527,0.13008296037365463,0.03968393696297793
OR,2020,0.113,,,,,0.113,65667,0.34400763371739623,0.7490983745120735,0.01805836968488722,0.1322397617438785,0.03968393696297793
OR,2021,0.129,,,,,0.129,70084,0.350372013693227,0.7407057036107585,0.017591368273785487,0.13560423058026796,0.03968393696297793
OR,2022,0.125,,,,,0.125,76632,0.35482658774510717,0.733155781446616,0.017919909660389456,0.13786106407236626,0.03968393696297793
OR,2023,0.127,,,,,0.127,80426,0.36223382246334834,0.7232408225702418,0.01835462359574154,0.14284214504682316,0.03968393696297793
OR,2024,0.11800000000000001,,,,,0.11800000000000001,83011,0.3680677303005601,0.7136283279031322,0.01830762479218051,0.14681593392838715,0.03968393696297793
PA,2012,0.179,,,,,0.179,52267,0.2704598243281573,0.7940727845601933,0.10421242766202907,0.056844280551126496,0.027265644827612727
PA,2013,0.175,,,,,0.175,52548,0.27541943645424954,0.7899838988401965,0.10471935448322535,0.059200254866302406,0.027265644827612727
PA,2014,0.17800000000000002,,,,,0.17800000000000002,53115,0.2809896243356905,0.7853790922277603,0.10509871320254549,0.061492175278587705,0.027265644827612727
PA,2015,0.179,,,,,0.179,53599,0.28613625513267815,0.7809153664848685,0.10540269816822317,0.06381581711857193,0.027265644827612727
PA,2016,0.172,,,,,0.172,54895,0.2933327879377788,0.7771291359488522,0.10586877620321125,0.06595474944925198,0.027265644827612727
PA,2017,0.157,,,,,0.157,56951,0.3008365000355055,0.772536737212487,0.10619307056289021,0.06839706485396785,0.027265644827612727
PA,2018,0.159,,,,,0.159,59445,0.3077239430791013,0.7682531425362521,0.10636828608710955,0.07076406783705116,0.027265644827612727
PA,2019,0.159,,,,,0.159,61744,0.31429663649545825,0.7643466418794311,0.1065582459643217,0.07311212966705312,0.027265644827612727
PA,2020,0.13699999999999998,,,,,0.13699999999999998,63627,0.3233056336608751,0.7569523289970953,0.10569293901430142,0.07595324225266581,0.027265644827612727
PA,2021,0.155,,,,,0.155,67587,0.3311475600551699,0.7504869069784474,0.10485403584245971,0.07887461306873596,0.027265644827612727
PA,2022,0.146,,,,,0.146,73170,0.3375646343268351,0.7445525547054139,0.10376183059044093,0.08122958690014048,0.027265644827612727
PA,2023,0.147,,,,,0.147,76081,0.34494347626488203,0.7381080132488169,0.10314958944345205,0.08375855637361762,0.027265644827612727
PA,2024,0.147,,,,,0.147,77971,0.3516293301074018,0.7301353851197502,0.10265996314975782,0.0872042768833209,0.027265644827612727
RI,2012,0.188,,,,,0.188,56102,0.3076373535789923,0.7637284067684526,0.05187316325105395,0.12476923354657753,0.0
RI,2013,0.20199999999999999,,,,,0.20199999999999999,56361,0.31336303301831825,0.7573640646765459,0.05254850503235253,0.12866563024451005,0.0
RI,2014,0.192,,,,,0.192,56423,0.3138470260178926,0.7509332999130313,0.05228188505694743,0.1327621499887966,0.0
RI,2015,0.193,,,,,0.193,56852,0.31890636253002536,0.7452539289202125,0.05342705101545943,0.13646514391251077,0.0
RI,2016,0.17,,,,,0.17,58387,0.3245831424518565,0.7399570029521352,0.05438453244266665,0.14070769688883072,0.0
RI,2017,0.171,,,,,0.171,61043,0.3296432964329643,0.732279304409083,0.0547845073276409,0.1457290619218322,0.0
RI,2018,0.16699999999999998,,,,,0.16699999999999998,63296,0.33274412565399325,0.7265937984745569,0.05583985023816712,0.15034672173581384,0.0
RI,2019,0.154,,,,,0.154,67167,0.34199403147042867,0.7202134632828587,0.05714455970360309,0.15439010017678256,0.0
RI,2020,0.138,,,,,0.138,70305,0.35022188650741193,0.7144161739765059,0.0554737293887869,0.1588271106581786,0.0
RI,2021,0.16,,,,,0.16,74489,0.35320075918159705,0.7058021940585137,0.05421773361210093,0.1636276053185634,0.0
RI,2022,0.136,,,,,0.136,81370,0.362804103287505,0.6983413296778616,0.05328215672835275,0.16741695225039982,0.0
RI,2023,0.142,,,,,0.142,86372,0.37303945241820724,0.690631758554864,0.050413969330939015,0.17117761927237438,0.0
RI,2024,0.142,,,,,0.142,87796,0.37744019208957375,0.6801945178848086,0.04921487637059687,0.17690581148501408,0.0
SC,2012,0.249,,,,,0.249,44623,0.24556948032207773,0.640899577591418,0.2767163871594184,0.050304177804231257,0.02299555038903569
SC,2013,0.252,,,,,0.252,44779,0.25056918970285397,0.6400922557089257,0.27563925308177917,0.0515958408428751,0.02299555038903569
SC,2014,0.251,,,,,0.251,45033,0.2534346897579744,0.6392309054289862,0.274151926491235,0.05255863158315587,0.02299555038903569
SC,2015,0.235,,,,,0.235,45483,0.25842311247296346,0.638632645508936,0.27303783341175525,0.053184292620358106,0.02299555038903569
SC,2016,0.218,,,,,0.218,46898,0.26459003176094625,0.6385644742435007,0.27124118723246265,0.0534399397675715,0.02299555038903569
SC,2017,0.213,,,,,0.213,48781,0.27005073669390883,0.637521549240167,0.2699977766170411,0.05464413202644191,0.02299555038903569
SC,2018,0.213,,,,,0.213,51015,0.2740982132359154,0.6370098417550709,0.2680331118812331,0.055627355135519606,0.02299555038903569
SC,2019,0.19,,,,,0.19,53199,0.2811973178770579,0.6366350342952904,0.26566969526406714,0.0568550149119484,0.02299555038903569
SC,2020,0.17800000000000002,,,,,0.17800000000000002,54864,0.2898987822785574,0.6344103338945937,0.2626183905503998,0.0583120904830525,0.02299555038903569
SC,2021,0.188,,,,,0.188,58234,0.2983669744075781,0.6313922514369736,0.25972734663371205,0.06029451635520505,0.02299555038903569
SC,2022,0.184,,,,,0.184,63623,0.30640913106358814,0.630046375966166,0.25590860920713626,0.062004763988138645,0.02299555038903569
SC,2023,0.18100000000000002,,,,,0.18100000000000002,66818,0.31470645423438126,0.6222604317777828,0.2508620170373778,0.07076846224294397,0.02299555038903569
SC,2024,0.17300000000000001,,,,,0.17300000000000001,69324,0.3212915254993231,0.618928198858621,0.2458760721079637,0.07370834887112991,0.02299555038903569
SD,2012,0.161,,,,,0.161,49091,0.26049272904039883,0.8453652599491831,0.012367151179536962,0.02791862929311129,0.3303822066232306
SD,2013,0.17300000000000001,,,,,0.17300000000000001,49495,0.2616418287822,0.8405413003909364,0.01366823477516911,0.029808603510914956,0.3303822066232306
SD,2014,0.161,,,,,0.161,50338,0.26673876798554547,0.8361990061195053,0.014722513741332299,0.03169851013767689,0.3303822066232306
SD,2015,0.16,,,,,0.16,50957,0.27003714800585804,0.8321955905549164,0.015170957909842384,0.0331052313239009,0.3303822066232306
SD,2016,0.152,,,,,0.152,52078,0.2745033570672689,0.8288542026512882,0.01607293509960543,0.03429495992047545,0.3303822066232306
SD,2017,0.152,,,,,0.152,54126,0.2784741484646052,0.8268010530204198,0.01670711349895493,0.03495377838876654,0.3303822066232306
SD,2018,0.14800000000000002,,,,,0.14800000000000002,56499,0.28475020411474156,0.8224216668267211,0.018327203053608226,0.03701886753157798,0.3303822066232306
SD,2019,0.136,,,,,0.136,58275,0.2884032474191683,0.8195668004382993,0.01974529023543654,0.03793080476615999,0.3303822066232306
SD,2020,0.127,,,,,0.127,59896,0.2929646838226677,0.8134865398437002,0.020965819663928235,0.04104005749793026,0.3303822066232306
SD,2021,0.131,,,,,0.131,63920,0.299942264772032,0.8082866004751725,0.021247809840267185,0.042661192921176934,0.3303822066232306
SD,2022,0.139,,,,,0.139,69457,0.303675632908706,0.8064945829804727,0.021533298440374597,0.04402465569410406,0.3303822066232306
SD,2023,0.127,,,,,0.127,72421,0.31102078884551704,0.8026432560715485,0.021638267159255955,0.04590889174082567,0.3303822066232306
SD,2024,0.11199999999999999,,,,,0.11199999999999999,75081,0.3190248879495682,0.7975607982120896,0.02138351472513522,0.04824294599681738,0.3303822066232306
TN,2012,0.245,,,,,0.245,44140,0.23493291992970883,0.7557788751730223,0.16587132269495844,0.045422907984069824,0.06414589253983596
TN,2013,0.243,,,,,0.243,44298,0.23843821094234469,0.752861237535313,0.16652039309713706,0.04688235809550407,0.06414589253983596
TN,2014,0.243,,,,,0.243,44621,0.24387862949562558,0.7500660712887893,0.16658428100099745,0.048025185367747754,0.06414589253983596
TN,2015,0.22399999999999998,,,,,0.22399999999999998,45219,0.24937603252576007,0.7472548758657244,0.16672372132810945,0.04924753235383942,0.06414589253983596
TN,2016,0.21100000000000002,,,,,0.21100000000000002,46574,0.2535192689063862,0.7452141559365603,0.16684323433275672,0.049991531777063836,0.06414589253983596
TN,2017,0.198,,,,,0.198,48708,0.26053054070046555,0.7425504150813785,0.16659913987080632,0.051545151022807385,0.06414589253983596
TN,2018,0.2,,,,,0.2,50972,0.26619493738944877,0.7403516927829412,0.16647168606524435,0.05298410530967185,0.06414589253983596
TN,2019,0.18,,,,,0.18,53320,0.2733894828718621,0.7380079399572775,0.16604693505606202,0.05427853284279445,0.06414589253983596
TN,2020,0.174,,,,,0.174,54833,0.2815086173803138,0.7337823901830228,0.1651736168739926,0.05569212559219452,0.06414589253983596
TN,2021,0.177,,,,,0.177,58516,0.2903720521272258,0.7293326318241702,0.1633571674424524,0.057725369659028934,0.06414589253983596
TN,2022,0.16699999999999998,,,,,0.16699999999999998,64035,0.29706987941274865,0.7257552675044758,0.16130961562570229,0.059594972220344634,0.06414589253983596
TN,2023,0.184,,,,,0.184,67097,0.3039207097318861,0.714911161935975,0.15744762228671236,0.07106372355778245,0.06414589253983596
TN,2024,0.179,,,,,0.179,69595,0.31057464278601243,0.7102615298378251,0.1543213833725118,0.07408712491241984,0.06414589253983596
TX,2012,0.243,,,,,0.243,51563,0.2625940625109419,0.45281699552344556,0.11516584799406336,0.3760446163114554,0.033350906083116416
TX,2013,0.23800000000000002,,,,,0.23800000000000002,51900,0.26653688887904936,0.44807137054404567,0.11531268724863124,0.37901578170417816,0.033350906083116416
TX,2014,0.233,,,,,0.233,52576,0.27087582251610637,0.4431411304745782,0.1155819096196912,0.3818270120998237,0.033350906083116416
TX,2015,0.21899999999999997,,,,,0.21899999999999997,53207,0.27576358877463797,0.4384462956505566,0.11571143089838828,0.3842087231835091,0.033350906083116416
TX,2016,0.214,,,,,0.214,54727,0.2809857204464608,0.4342445134158133,0.11629735163422018,0.38629551719283356,0.033350906083116416
TX,2017,0.19899999999999998,,,,,0.19899999999999998,57051,0.28705576251669274,0.4287257237629767,0.1166691198985602,0.3892800890107417,0.033350906083116416
TX,2018,0.20199999999999999,,,,,0.20199999999999999,59570,0.292975796895252,0.4234240786194968,0.11723973958224068,0.3916614533267564,0.033350906083116416
TX,2019,0.18,,,,,0.18,61874,0.29896367404580987,0.41953209060617275,0.11778507345991218,0.39336674727757714,0.033350906083116416
TX,2020,0.179,,,,,0.179,63826,0.3068955949833958,0.4138395000154005,0.11759724190742367,0.39441531930954654,0.033350906083116416
TX,2021,0.18600000000000003,,,,,0.18600000000000003,67321,0.31532558742679506,0.40692937336407997,0.11785993775123577,0.3977444706001865,0.033350906083116416
TX,2022,0.183,,,,,0.183,73035,0.32265896982002173,0.4012138557898068,0.11796042326489223,0.3989037915023529,0.033350906083116416
TX,2023,0.17600000000000002,,,,,0.17600000000000002,76292,0.3307640866518774,0.399208200795787,0.11904494492523247,0.39463558164627177,0.033350906083116416
TX,2024,0.171,,,,,0.171,78476,0.3382333355682376,0.39119054376604756,0.11910509140854786,0.39722070287604283,0.033350906083116416
UT,2012,0.14300000000000002,,,,,0.14300000000000002,58164,0.29856926780399495,0.8039944574444742,0.009686458082164446,0.12937919546184287,0.052368004068937185
UT,2013,0.136,,,,,0.136,58821,0.3026402550102384,0.8010603933008562,0.009997608108689247,0.13098608118285246,0.052368004068937185
UT,2014,0.127,,,,,0.127,59846,0.3064865272887538,0.7976950510319578,0.0100482451521302,0.13276391294809753,0.052368004068937185
UT,2015,0.115,,,,,0.115,60727,0.3112158776918859,0.7949668300280466,0.01014335365792754,0.1342766480022071,0.052368004068937185
UT,2016,0.099,,,,,0.099,62518,0.31674772992607947,0.7933989886810832,0.010257333825799317,0.1349584032434922,0.052368004068937185
UT,2017,0.095,,,,,0.095,65325,0.3253710364926653,0.789997197673568,0.010592727111188898,0.13671311492110233,0.052368004068937185
UT,2018,0.09,,,,,0.09,68374,0.33256923849579,0.7861946902654867,0.011070320324429048,0.13861231057185544,0.052368004068937185
UT,2019,0.087,,,,,0.087,71621,0.3401794466385827,0.7832631759776392,0.011163286025016404,0.1404111535341741,0.052368004068937185
UT,2020,0.067,,,,,0.067,74197,0.3468449085670002,0.7791195780453339,0.011101030420098253,0.14155289395694837,0.052368004068937185
UT,2021,0.076,,,,,0.076,79133,0.3542708626018545,0.7728805429276128,0.010918279243788239,0.14415928847516687,0.052368004068937185
UT,2022,0.075,,,,,0.075,86833,0.36130931941575134,0.767776384071059,0.01050152429693688,0.14642843112982515,0.052368004068937185
UT,2023,0.08800000000000001,,,,,0.08800000000000001,91750,0.36920818098492125,0.7570709780027359,0.010388789341456964,0.15400306257199012,0.052368004068937185
UT,2024,0.078,,,,,0.078,95166,0.37680842749476495,0.7472920537530093,0.010685572840621979,0.15907056239500214,0.052368004068937185
VA,2012,0.14300000000000002,,,,,0.14300000000000002,63636,0.34678472478008787,0.6477513598017706,0.1913576557822221,0.07881129713142494,0.06948287489632322
VA,2013,0.14400000000000002,,,,,0.14400000000000002,63907,0.3520734761524542,0.6433888724773176,0.1901534357785724,0.08142541101316153,0.06948287489632322
VA,2014,0.15,,,,,0.15,64792,0.3576672044354564,0.6386476893283687,0.18935665171394325,0.08396505810352943,0.06948287489632322
VA,2015,0.14,,,,,0.14,65015,0.3632916802377419,0.634380855143079,0.1889773430564286,0.08588927928222531,0.06948287489632322
VA,2016,0.136,,,,,0.136,66149,0.3689089683170818,0.6311755735442074,0.18868787063188205,0.08725219459559888,0.06948287489632322
VA,2017,0.133,,,,,0.133,68766,0.37556508674447897,0.6262248456601233,0.18839230729509326,0.08958430552793036,0.06948287489632322
VA,2018,0.128,,,,,0.128,71564,0.38162803960384983,0.6219695228324412,0.188075054072049,0.09165649089219653,0.06948287489632322
VA,2019,0.125,,,,,0.125,74222,0.3878144730569376,0.6183206431916491,0.18791566063983012,0.0936784512511321,0.06948287489632322
VA,2020,0.113,,,,,0.113,76398,0.3951492031223181,0.612189074663447,0.18696757146661358,0.09527980841797935,0.06948287489632322
VA,2021,0.126,,,,,0.126,80615,0.40329596783419897,0.6059739849057597,0.18654761637051487,0.09790271552077202,0.06948287489632322
VA,2022,0.11800000000000001,,,,,0.11800000000000001,87249,0.4096576834953444,0.5997322051070489,0.18571116669687127,0.10029728062263472,0.06948287489632322
VA,2023,0.12300000000000001,,,,,0.12300000000000001,90974,0.41477852931280274,0.5902174519454175,0.18426418530339997,0.10732198756245886,0.06948287489632322
VA,2024,0.11199999999999999,,,,,0.11199999999999999,93170,0.4216088145869336,0.583535760932871,0.18259528533044156,0.11017464334412769,0.06948287489632322
VT,2012,0.139,,,,,0.139,54168,0.3420539829139837,0.9422092476714554,0.008988038331057813,0.015111159428167636,0.4400686076472957
VT,2013,0.133,,,,,0.133,54267,0.34809795085844286,0.9407512973235512,0.009528617807203661,0.01566214627163271,0.4400686076472957
VT,2014,0.141,,,,,0.141,54447,0.3520224370395062,0.9385734675696646,0.010019828915731898,0.016326126592140597,0.4400686076472957
VT,2015,0.122,,,,,0.122,55176,0.35959116652200696,0.9360728626054095,0.010727668511532003,0.017061812564235147,0.4400686076472957
VT,2016,0.122,,,,,0.122,56104,0.3618192378757112,0.9343791367331524,0.011257503005992825,0.01740521741352082,0.4400686076472957
VT,2017,0.11599999999999999,,,,,0.11599999999999999,57808,0.36798812514272666,0.9323894236003049,0.012061424573671707,0.017903226839311216,0.4400686076472957
VT,2018,0.113,,,,,0.113,60076,0.37322689591648756,0.9296710118932376,0.012163647622232498,0.01868388756706247,0.4400686076472957
VT,2019,0.098,,,,,0.098,61973,0.3802456522726241,0.927964018048639,0.012655510937622634,0.0192819947686497,0.4400686076472957
VT,2020,0.09699999999999999,,,,,0.09699999999999999,63477,0.39658982693530037,0.9235368549187942,0.012006278630233527,0.020049972771246437,0.4400686076472957
VT,2021,0.105,,,,,0.105,67674,0.4085921186103159,0.9188606642073321,0.01191171955482617,0.02083420999724143,0.4400686076472957
VT,2022,0.099,,,,,0.099,74014,0.4172466903250964,0.9142953887446102,0.01172384656485704,0.021423822955627073,0.4400686076472957
VT,2023,0.09300000000000001,,,,,0.09300000000000001,78024,0.4262866201867835,0.9057223976914517,0.011550490194559043,0.024886323835264873,0.4400686076472957
VT,2024,0.09,,,,,0.09,81203,0.43788323170993165,0.8994368774203917,0.010999743473248587,0.025567681338142436,0.4400686076472957
WA,2012,0.168,,,,,0.168,59374,0.3157224153954248,0.7249546426810813,0.034070447269315775,0.11194509812999928,0.013757188089571295
WA,2013,0.17600000000000002,,,,,0.17600000000000002,59478,0.3186792098165302,0.7192416130086623,0.034565330205867544,0.1149180909847954,0.013757188089571295
WA,2014,0.16,,,,,0.16,60294,0.323025680807886,0.713413719395929,0.03486819991468481,0.11740593695749445,0.013757188089571295
WA,2015,0.146,,,,,0.146,61062,0.32874094714364566,0.7076449037601511,0.034899041781619664,0.11960379439361508,0.013757188089571295
WA,2016,0.128,,,,,0.128,62848,0.33557115571630297,0.7038416851567888,0.03490794619537049,0.12077723264866864,0.013757188089571295
WA,2017,0.134,,,,,0.134,66174,0.3446342003919482,0.6975599748227572,0.035091235426885505,0.12302818130125286,0.013757188089571295
WA,2018,0.11699999999999999,,,,,0.11699999999999999,70116,0.35251521258838814,0.690838480706126,0.035573080263919844,0.12496997670521347,0.013757188089571295
WA,2019,0.11199999999999999,,,,,0.11199999999999999,73775,0.3602013790118598,0.6852879084540513,0.03656133008342532,0.12662958544494293,0.013757188089571295
WA,2020,0.10099999999999999,,,,,0.10099999999999999,77006,0.36679269144737336,0.6746000147754432,0.037234116897715996,0.12932133460854725,0.013757188089571295
WA,2021,0.11199999999999999,,,,,0.11199999999999999,82400,0.3728239709683457,0.6647772116443431,0.03717480220191657,0.1323136192520142,0.013757188089571295
WA,2022,0.111,,,,,0.111,90325,0.3795256833617775,0.6553279428927357,0.03783639799915433,0.13489580413677535,0.013757188089571295
WA,2023,0.11199999999999999,,,,,0.11199999999999999,94952,0.3877051224527638,0.6428031630087337,0.038171762142900696,0.14075846171494477,0.013757188089571295
WA,2024,0.109,,,,,0.109,98141,0.3961307645643792,0.6314591543933074,0.0384648846050903,0.14375605479754908,0.013757188089571295
WI,2012,0.16699999999999998,,,,,0.16699999999999998,52627,0.2639832054966317,0.8330030899109038,0.06105848921942341,0.05894058238305928,0.08317686730176096
WI,2013,0.168,,,,,0.168,52413,0.268228218970875,0.8298889181129204,0.06123250376607427,0.06060518977912765,0.08317686730176096
WI,2014,0.16699999999999998,,,,,0.16699999999999998,52738,0.27417771251325956,0.8268935691212732,0.061348453331637756,0.06206307693060168,0.08317686730176096
WI,2015,0.149,,,,,0.149,53357,0.2782501647896695,0.8237225051318181,0.06171312775410184,0.06348843118313333,0.08317686730176096
WI,2016,0.142,,,,,0.142,54610,0.28373438677320306,0.8214976442266089,0.0617549043424287,0.06450356728420355,0.08317686730176096
WI,2017,0.135,,,,,0.135,56759,0.2903107515809342,0.8181418468192331,0.06230790893350016,0.06603777022451177,0.08317686730176096
WI,2018,0.129,,,,,0.129,59209,0.29522329427261873,0.8152850082566194,0.06263141627241064,0.06676232184928892,0.08317686730176096
WI,2019,0.127,,,,,0.127,61747,0.3011673014039217,0.8126109102915771,0.06286960023596391,0.06810763988425611,0.08317686730176096
WI,2020,0.113,,,,,0.113,63293,0.3080137253592184,0.806111960185811,0.06208499261663775,0.07030631266709432,0.08317686730176096
WI,2021,0.129,,,,,0.129,67080,0.3148952810361287,0.8014708274200435,0.06206863781815742,0.07231309845714867,0.08317686730176096
WI,2022,0.122,,,,,0.122,72458,0.3202389131364427,0.7988549382128373,0.060547815348458926,0.07326872179592148,0.08317686730176096
WI,2023,0.122,,,,,0.122,75670,0.32758344036723175,0.7916471133938208,0.0601285840194446,0.07767909256294485,0.08317686730176096
WI,2024,0.113,,,,,0.113,77485,0.3338402472406526,0.785602461050721,0.059485818120831695,0.07978701821442628,0.08317686730176096
WV,2012,0.23199999999999998,,,,,0.23199999999999998,40400,0.17907812120339803,0.9304175508962265,0.03093790209140218,0.011902851204632742,0.23060339540930672
WV,2013,0.239,,,,,0.239,41043,0.1831701876920419,0.9287070320276173,0.03118440197257365,0.012561912669216274,0.23060339540930672
WV,2014,0.231,,,,,0.231,41576,0.18748142250122052,0.9271743979252174,0.031514967789194666,0.012978718698773007,0.23060339540930672
WV,2015,0.22899999999999998,,,,,0.22899999999999998,41751,0.19156424916687081,0.9254701796458934,0.03262252757343012,0.013723520324939776,0.23060339540930672
WV,2016,0.222,,,,,0.222,42644,0.19559207412124419,0.9241987939929321,0.0337930070657367,0.014217601289643203,0.23060339540930672
WV,2017,0.223,,,,,0.223,44061,0.1989858270881565,0.9227174015416669,0.03506777661455007,0.014710565900297413,0.23060339540930672
WV,2018,0.218,,,,,0.218,44921,0.20257970844000855,0.9211078513810964,0.0358638946690475,0.015047122720269604,0.23060339540930672
WV,2019,0.196,,,,,0.196,46711,0.20614605721334103,0.919793870594094,0.03623387378563312,0.015609927887723855,0.23060339540930672
WV,2020,0.19,,,,,0.19,48037,0.21296954751614067,0.9154903160627323,0.034929784123942,0.01586731628293496,0.23060339540930672
WV,2021,0.2,,,,,0.2,50884,0.21776191512104884,0.9122694607420453,0.033502142362589804,0.016765784828730368,0.23060339540930672
WV,2022,0.215,,,,,0.215,55217,0.2271116112963212,0.9065509850432273,0.03359626808524641,0.01835505059490777,0.23060339540930672
WV,2023,0.184,,,,,0.184,57917,0.2328557629124442,0.9019519608711197,0.032109958071396306,0.020244196850367227,0.23060339540930672
WV,2024,0.19399999999999998,,,,,0.19399999999999998,59608,0.2413256659838493,0.896800052632378,0.030889470319218747,0.021466250331061032,0.23060339540930672
WY,2012,0.13699999999999998,,,,,0.13699999999999998,56573,0.24260838165865437,0.856146822245084,0.008047220785958853,0.08939717805342189,0.444255102270777
WY,2013,0.12,,,,,0.12,57406,0.2467485904140186,0.8518243079697053,0.008875106553897855,0.09200293264390477,0.444255102270777
WY,2014,0.122,,,,,0.122,58252,0.251224094589843,0.8481827932502508,0.010030404119245337,0.09418671153983217,0.444255102270777
WY,2015,0.11199999999999999,,,,,0.11199999999999999,58840,0.2571095474039222,0.8447175074480876,0.010305703673929882,0.09608421212429638,0.444255102270777
WY,2016,0.1,,,,,0.1,59143,0.260097865458247,0.8436269893950387,0.010592955067415172,0.09671217040661785,0.444255102270777
WY,2017,0.11599999999999999,,,,,0.11599999999999999,60938,0.2674973045440627,0.842980109739369,0.009929698216735254,0.09718964334705076,0.444255102270777
WY,2018,0.11599999999999999,,,,,0.11599999999999999,62268,0.2688913948691339,0.8414037632597502,0.008849572731835087,0.09790731408850605,0.444255102270777
WY,2019,0.10099999999999999,,,,,0.10099999999999999,64049,0.2736251523625152,0.8406485790604175,0.008937668667731453,0.09868955499256485,0.444255102270777
WY,2020,0.091,,,,,0.091,65304,0.2818066335895158,0.8356715770932385,0.008105300095639789,0.10123712475143976,0.444255102270777
WY,2021,0.107,,,,,0.107,68002,0.2852225485823837,0.8298195931263993,0.008343145908806346,0.10263751623627179,0.444255102270777
WY,2022,0.11800000000000001,,,,,0.11800000000000001,72495,0.28989387496745805,0.8252242057415358,0.007765659795580426,0.10471528509557403,0.444255102270777
WY,2023,0.11,,,,,0.11,74815,0.2992030421942635,0.8213367232359541,0.008146460351765642,0.10449305834645656,0.444255102270777
WY,2024,0.09,,,,,0.09,76176,0.3055506099778076,0.8135189570001219,0.00840491966819884,0.1065372932896289,0.444255102270777
